chain_id,status,group,feature,activation,model_sha256,samples,correct,accuracy,balanced_accuracy,macro_f1,frontend_elapsed_us_median,inference_elapsed_us_median,tensor_arena_used,tensor_arena_size,parity_reference_comparisons,parity_prediction_mismatches,parity_max_lsb_error,parity_f32_vs_native_max_lsb_error,error
zero_shot_mfcc,complete,01_zero_shot_strict,MFCC,softmax,d1ebaa0b2d443f63380e12a56449e601092c8d3ee97d8ab2677d2e32c1515fca,8,4,0.5,0.5,0.35416666666666663,80370.5,422902.5,27332,98304,10,0,0,0,
zero_shot_logmel,complete,01_zero_shot_strict,LOGMEL,softmax,b1e0a736841d9dff7d35b35eca451bed01eaabf9cfb818d7d7cb4b89dafd13e7,8,4,0.5,0.5,0.375,66792.5,2112665.5,79172,98304,10,0,0,0,
zero_shot_pcen,complete,01_zero_shot_strict,PCEN,softmax,6a413e5182948f1ba99498616a71b609b896302734ca8e7c77341eba4f545c5c,8,3,0.375,0.375,0.3,252806.5,2106262.5,79172,98304,10,0,0,0,
db3v_strict_10shot_logmel_head_only_seed_42,complete,02_db3v_strict,LOGMEL,softmax,c8d4c3c26c0b75913d2769361ba06125fb84ad5fd6656f5241aab0cbc4996e69,8,4,0.5,0.5,0.41666666666666663,67291.5,2112662.5,79172,98304,10,0,0,0,
db3v_strict_10shot_logmel_head_only_seed_123,complete,02_db3v_strict,LOGMEL,softmax,1312940053da119d59c423a9fe6dfefef3265739c83b427f6bd8a94be7e7765c,8,4,0.5,0.5,0.4375,67290.5,2112663.0,79172,98304,10,0,0,0,
db3v_strict_10shot_logmel_head_only_seed_2026,complete,02_db3v_strict,LOGMEL,softmax,ac3832be490765813ace7eade5464e4bbbd99cbb099b0c3a0b7c339905d4a7c2,8,4,0.5,0.5,0.4375,66800.5,2112663.0,79172,98304,10,0,0,0,
birdset_strict_20shot_mfcc_bn_head_replay_seed_42,complete,03_birdset_strict,MFCC,sigmoid,41b6b7735b1a7200f605da13dc553d709bc5f51eacc4f487c72fe5ad461c11fa,8,4,0.5,0.5,0.41666666666666663,82693.0,422786.0,27284,98304,10,0,0,0,
birdset_strict_20shot_mfcc_bn_head_replay_seed_123,complete,03_birdset_strict,MFCC,sigmoid,63c05befcf617a3b0b84f9b1c4673cb8fc9da9fda6421b71ce9a7c8e6892b54b,8,4,0.5,0.5,0.375,82693.5,422786.0,27284,98304,10,0,0,0,
birdset_strict_20shot_mfcc_bn_head_replay_seed_2026,complete,03_birdset_strict,MFCC,sigmoid,cf3ba3be4ed073254efe87aba27d7a6dd218f4df84736067a2746c1f5a4314b5,8,4,0.5,0.5,0.375,82694.0,422787.0,27284,98304,10,0,0,0,
birdset_strict_20shot_logmel_head_only_seed_42,complete,03_birdset_strict,LOGMEL,sigmoid,d3567c29e17b553117ac24e78ee2bb2b8bb15a44fb1835048d0ef4487950c3f1,8,3,0.375,0.375,0.2708333333333333,67489.0,2112353.5,79124,98304,10,0,0,0,
birdset_strict_20shot_logmel_head_only_seed_123,complete,03_birdset_strict,LOGMEL,sigmoid,5b061dabd0341cb71acd5d28545032d8dfd152f0283125abd81a09424ad7aeac,8,3,0.375,0.375,0.2708333333333333,67487.0,2112355.0,79124,98304,10,0,0,0,
birdset_strict_20shot_logmel_head_only_seed_2026,complete,03_birdset_strict,LOGMEL,sigmoid,e4d1c5cb4413533b0fc316f69b6e6d6f088071dd1981768b4457f7b388229141,8,3,0.375,0.375,0.2708333333333333,67527.5,2112419.5,79124,98304,10,0,0,0,
