sample_index,mode,predicted_index,predicted_label,active_class_mask,cycles,elapsed_us,scores,raw_output_int8,reference_raw_int8
0,f32,6,Spinus_tristis,0x00000000,232370318,2112457,"[0.01171875,0.01953125,0.15234375,0.08984375,0.20703125,0.08984375,0.4140625,0.01953125]","[-125,-123,-89,-105,-75,-105,-22,-123]","[-125,-123,-89,-105,-75,-105,-22,-123]"
0,native,6,Spinus_tristis,0x00000000,232295481,2111777,"[0.01171875,0.01953125,0.15234375,0.08984375,0.20703125,0.08984375,0.4140625,0.01953125]","[-125,-123,-89,-105,-75,-105,-22,-123]","[-125,-123,-89,-105,-75,-105,-22,-123]"
1,f32,2,Certhia_americana,0x00000000,232382434,2112567,"[0.00390625,0.0078125,0.7109375,0.04296875,0.046875,0.15234375,0.0234375,0.0078125]","[-127,-126,54,-117,-116,-89,-122,-126]","[-127,-126,54,-117,-116,-89,-122,-126]"
1,native,2,Certhia_americana,0x00000000,232297693,2111797,"[0.00390625,0.0078125,0.7109375,0.04296875,0.046875,0.15234375,0.0234375,0.0078125]","[-127,-126,54,-117,-116,-89,-122,-126]","[-127,-126,54,-117,-116,-89,-122,-126]"
2,f32,5,Setophaga_ruticilla,0x00000000,232392419,2112658,"[0.01953125,0.109375,0.08203125,0.22265625,0.1875,0.32421875,0.01953125,0.03515625]","[-123,-100,-107,-71,-80,-45,-123,-119]","[-123,-100,-107,-71,-80,-45,-123,-119]"
2,native,5,Setophaga_ruticilla,0x00000000,232308070,2111891,"[0.01953125,0.109375,0.08203125,0.22265625,0.1875,0.32421875,0.01953125,0.03515625]","[-123,-100,-107,-71,-80,-45,-123,-119]","[-123,-100,-107,-71,-80,-45,-123,-119]"
3,f32,2,Certhia_americana,0x00000000,232372413,2112476,"[0.0,0.0,0.98828125,0.0,0.00390625,0.00390625,0.0,0.0]","[-128,-128,125,-128,-127,-127,-128,-128]","[-128,-128,125,-128,-127,-127,-128,-128]"
3,native,2,Certhia_americana,0x00000000,232287740,2111706,"[0.0,0.0,0.98828125,0.0,0.00390625,0.00390625,0.0,0.0]","[-128,-128,125,-128,-127,-127,-128,-128]","[-128,-128,125,-128,-127,-127,-128,-128]"
4,f32,6,Spinus_tristis,0x00000000,232380266,2112547,"[0.01171875,0.01953125,0.15234375,0.08984375,0.20703125,0.08984375,0.4140625,0.01953125]","[-125,-123,-89,-105,-75,-105,-22,-123]","[-125,-123,-89,-105,-75,-105,-22,-123]"
4,native,6,Spinus_tristis,0x00000000,232295574,2111777,"[0.01171875,0.01953125,0.15234375,0.08984375,0.20703125,0.08984375,0.4140625,0.01953125]","[-125,-123,-89,-105,-75,-105,-22,-123]","[-125,-123,-89,-105,-75,-105,-22,-123]"
