sample_index,mode,predicted_index,predicted_label,active_class_mask,cycles,elapsed_us,scores,raw_output_int8,reference_raw_int8,reference_runtime,reference_resolver
0,f32,1,Cardinalis_cardinalis,0x00000022,231774103,2107037,"[0.00390625,0.99609375,0.0,0.015625,0.0390625,0.99609375,0.0,0.03125]","[-127,127,-128,-124,-118,127,-128,-120]","[-127,127,-128,-124,-118,127,-128,-120]",tensorflow-cpu==2.19.0,BUILTIN_REF
0,native,1,Cardinalis_cardinalis,0x00000022,231699285,2106357,"[0.00390625,0.99609375,0.0,0.015625,0.0390625,0.99609375,0.0,0.03125]","[-127,127,-128,-124,-118,127,-128,-120]","[-127,127,-128,-124,-118,127,-128,-120]",tensorflow-cpu==2.19.0,BUILTIN_REF
1,f32,3,Corvus_brachyrhynchos,0x00000088,231789028,2107172,"[0.0,0.0,0.0,0.99609375,0.0,0.0,0.15625,0.99609375]","[-128,-128,-128,127,-128,-128,-88,127]","[-128,-128,-128,127,-128,-128,-88,127]",tensorflow-cpu==2.19.0,BUILTIN_REF
1,native,3,Corvus_brachyrhynchos,0x00000088,231704299,2106402,"[0.0,0.0,0.0,0.99609375,0.0,0.0,0.15625,0.99609375]","[-128,-128,-128,127,-128,-128,-88,127]","[-128,-128,-128,127,-128,-128,-88,127]",tensorflow-cpu==2.19.0,BUILTIN_REF
2,f32,1,Cardinalis_cardinalis,0x000000aa,231795496,2107231,"[0.00390625,0.99609375,0.0,0.5546875,0.0390625,0.99609375,0.0,0.5546875]","[-127,127,-128,14,-118,127,-128,14]","[-127,127,-128,14,-118,127,-128,14]",tensorflow-cpu==2.19.0,BUILTIN_REF
2,native,1,Cardinalis_cardinalis,0x000000aa,231711014,2106463,"[0.00390625,0.99609375,0.0,0.5546875,0.0390625,0.99609375,0.0,0.5546875]","[-127,127,-128,14,-118,127,-128,14]","[-127,127,-128,14,-118,127,-128,14]",tensorflow-cpu==2.19.0,BUILTIN_REF
3,f32,1,Cardinalis_cardinalis,0x00000022,231784122,2107128,"[0.00390625,0.99609375,0.0,0.015625,0.0390625,0.99609375,0.0,0.03125]","[-127,127,-128,-124,-118,127,-128,-120]","[-127,127,-128,-124,-118,127,-128,-120]",tensorflow-cpu==2.19.0,BUILTIN_REF
3,native,1,Cardinalis_cardinalis,0x00000022,231699215,2106356,"[0.00390625,0.99609375,0.0,0.015625,0.0390625,0.99609375,0.0,0.03125]","[-127,127,-128,-124,-118,127,-128,-120]","[-127,127,-128,-124,-118,127,-128,-120]",tensorflow-cpu==2.19.0,BUILTIN_REF
4,f32,3,Corvus_brachyrhynchos,0x00000088,231781395,2107103,"[0.00390625,0.0,0.0,0.99609375,0.0,0.0,0.0,0.99609375]","[-127,-128,-128,127,-128,-128,-128,127]","[-127,-128,-128,127,-128,-128,-128,127]",tensorflow-cpu==2.19.0,BUILTIN_REF
4,native,3,Corvus_brachyrhynchos,0x00000088,231696685,2106333,"[0.00390625,0.0,0.0,0.99609375,0.0,0.0,0.0,0.99609375]","[-127,-128,-128,127,-128,-128,-128,127]","[-127,-128,-128,127,-128,-128,-128,127]",tensorflow-cpu==2.19.0,BUILTIN_REF
