chain_id,group,core_experiment,core_reason,feature,activation,input_shape,model_sha256,xeno_int8_macro_f1,birdset_int8_top1,birdset_int8_singleton_macro_f1,db3v_int8_macro_f1,hex_path
zero_shot_mfcc,01_zero_shot_strict,True,零样本特征对比：MFCC,MFCC,softmax,"[-1,32,13,1]",d1ebaa0b2d443f63380e12a56449e601092c8d3ee97d8ab2677d2e32c1515fca,0.48765025008868446,0.15362715576238709,0.09404661331008535,0.5125471764559544,experiments/01_zero_shot_strict/zero_shot_mfcc/STM32_deploy.hex
zero_shot_logmel,01_zero_shot_strict,True,零样本特征对比：LogMel（默认基准）,LOGMEL,softmax,"[-1,32,40,1]",b1e0a736841d9dff7d35b35eca451bed01eaabf9cfb818d7d7cb4b89dafd13e7,0.5900716647446047,0.1841773884478511,0.1022293631904099,0.6593744336310485,experiments/01_zero_shot_strict/zero_shot_logmel/STM32_deploy.hex
zero_shot_pcen,01_zero_shot_strict,True,零样本特征对比：PCEN/PTQ退化对照,PCEN,softmax,"[-1,32,40,1]",6a413e5182948f1ba99498616a71b609b896302734ca8e7c77341eba4f545c5c,0.35072750799223823,0.2139611278401314,0.09202437653735097,0.5023771029056092,experiments/01_zero_shot_strict/zero_shot_pcen/STM32_deploy.hex
db3v_strict_5shot_mfcc_head_only_seed_42,02_db3v_strict,False,,MFCC,softmax,"[-1,32,13,1]",aaeacc8db19dcc48253a6945ab4125167f69b11eb28a817457ce73c2806293c4,0.45378035485985235,0.1209416917601971,0.07942033954451817,0.5398851901712227,experiments/02_db3v_strict/db3v_strict_5shot_mfcc_head_only_seed_42/STM32_deploy.hex
db3v_strict_5shot_mfcc_head_only_seed_123,02_db3v_strict,False,,MFCC,softmax,"[-1,32,13,1]",d712832a3ba81fbfb58a6b0fabc15f2fd2471a2f8a10c966e440c27f4d0f923c,0.47002472661345274,0.14596222283055024,0.09176285913847157,0.5403429598877474,experiments/02_db3v_strict/db3v_strict_5shot_mfcc_head_only_seed_123/STM32_deploy.hex
db3v_strict_5shot_mfcc_head_only_seed_2026,02_db3v_strict,False,,MFCC,softmax,"[-1,32,13,1]",dde991db4d95ec08e03309d2bd1c9d12fa96b9afc4aefeda40764cd3638f82b6,0.46830564265538327,0.16961401587736108,0.09864020374470416,0.5320322300803241,experiments/02_db3v_strict/db3v_strict_5shot_mfcc_head_only_seed_2026/STM32_deploy.hex
db3v_strict_10shot_mfcc_head_only_seed_42,02_db3v_strict,False,,MFCC,softmax,"[-1,32,13,1]",f81c70f6eb744f99cbd9522793dc541c5a225e1c9d8cefbe96eed41d2e06f17b,0.45418087448953365,0.10331234601697235,0.07230664913854079,0.5472106341700935,experiments/02_db3v_strict/db3v_strict_10shot_mfcc_head_only_seed_42/STM32_deploy.hex
db3v_strict_10shot_mfcc_head_only_seed_123,02_db3v_strict,False,,MFCC,softmax,"[-1,32,13,1]",63531f957b777ec3f26cd24d44f961f2835d2baecf7891c80b9da5c9fb8f6744,0.4864702141795275,0.15964960306597317,0.09464508533854694,0.5165064244598303,experiments/02_db3v_strict/db3v_strict_10shot_mfcc_head_only_seed_123/STM32_deploy.hex
db3v_strict_10shot_mfcc_head_only_seed_2026,02_db3v_strict,False,,MFCC,softmax,"[-1,32,13,1]",e86cccca6d212217e76ee9d208e4802f98993d32af2c44a3cffdf6bfe5c834eb,0.48529952614798455,0.14245825349028196,0.09008771894159041,0.5291215681327522,experiments/02_db3v_strict/db3v_strict_10shot_mfcc_head_only_seed_2026/STM32_deploy.hex
db3v_strict_20shot_mfcc_bn_head_replay_seed_42,02_db3v_strict,False,,MFCC,softmax,"[-1,32,13,1]",5b3e8748fc5fc54347e12d4b8e792ec34b3174ab18776aa76b207faf2c9dfbb4,0.49997610009293536,0.1800164248562825,0.10106976194156235,0.5843839522645498,experiments/02_db3v_strict/db3v_strict_20shot_mfcc_bn_head_replay_seed_42/STM32_deploy.hex
db3v_strict_20shot_mfcc_bn_head_replay_seed_123,02_db3v_strict,False,,MFCC,softmax,"[-1,32,13,1]",ad4af291b89b9c236448a08459ac225a36787c7c595d3e4265082654f1a213cd,0.4659558200607571,0.15860936216808103,0.09296085761447183,0.5571468674848602,experiments/02_db3v_strict/db3v_strict_20shot_mfcc_bn_head_replay_seed_123/STM32_deploy.hex
db3v_strict_20shot_mfcc_bn_head_replay_seed_2026,02_db3v_strict,False,,MFCC,softmax,"[-1,32,13,1]",6712f9787a08ca3b3486306e80a7c96461e7db9a8fb95cf5b0108ce4a9aa09f9,0.4690999571920996,0.15192992061319463,0.09587385832219665,0.5458601541660364,experiments/02_db3v_strict/db3v_strict_20shot_mfcc_bn_head_replay_seed_2026/STM32_deploy.hex
db3v_strict_5shot_logmel_head_only_seed_42,02_db3v_strict,False,,LOGMEL,softmax,"[-1,32,40,1]",ca7339e54dad690fed3295d872a2ed1236aa987ed93eb8a5f83c1244bb28aafe,0.526467126897217,0.22578702436353681,0.14860608417028182,0.6441787523016329,experiments/02_db3v_strict/db3v_strict_5shot_logmel_head_only_seed_42/STM32_deploy.hex
db3v_strict_5shot_logmel_head_only_seed_123,02_db3v_strict,False,,LOGMEL,softmax,"[-1,32,40,1]",bdfeee2c71141611e40452123a1e16ba13a5d4d6eae5422a323414dc97140595,0.5128953788615565,0.16862852450041063,0.13031176354238622,0.6210556659195698,experiments/02_db3v_strict/db3v_strict_5shot_logmel_head_only_seed_123/STM32_deploy.hex
db3v_strict_5shot_logmel_head_only_seed_2026,02_db3v_strict,False,,LOGMEL,softmax,"[-1,32,40,1]",81edd8048d765078dbb6fc3fb5cf2d09dcd3fa829dd4dac08d8c23394aa5d32f,0.5270003782865946,0.30670681631535723,0.1649979052044312,0.6563485208466022,experiments/02_db3v_strict/db3v_strict_5shot_logmel_head_only_seed_2026/STM32_deploy.hex
db3v_strict_10shot_logmel_head_only_seed_42,02_db3v_strict,True,DB3V推荐链路 seed 42,LOGMEL,softmax,"[-1,32,40,1]",c8d4c3c26c0b75913d2769361ba06125fb84ad5fd6656f5241aab0cbc4996e69,0.5813209955116452,0.2318642211880646,0.13904507079952885,0.6808923077536334,experiments/02_db3v_strict/db3v_strict_10shot_logmel_head_only_seed_42/STM32_deploy.hex
db3v_strict_10shot_logmel_head_only_seed_123,02_db3v_strict,True,DB3V推荐链路 seed 123,LOGMEL,softmax,"[-1,32,40,1]",1312940053da119d59c423a9fe6dfefef3265739c83b427f6bd8a94be7e7765c,0.5713789533920771,0.29329318368464274,0.15270540749940992,0.6801144450121167,experiments/02_db3v_strict/db3v_strict_10shot_logmel_head_only_seed_123/STM32_deploy.hex
db3v_strict_10shot_logmel_head_only_seed_2026,02_db3v_strict,True,DB3V推荐链路 seed 2026,LOGMEL,softmax,"[-1,32,40,1]",ac3832be490765813ace7eade5464e4bbbd99cbb099b0c3a0b7c339905d4a7c2,0.5735487210386339,0.29865863673692855,0.1544712488155588,0.683337780642777,experiments/02_db3v_strict/db3v_strict_10shot_logmel_head_only_seed_2026/STM32_deploy.hex
db3v_strict_20shot_logmel_bn_head_replay_seed_42,02_db3v_strict,False,,LOGMEL,softmax,"[-1,32,40,1]",3f546e6ff4b634ef7a84151a9a08bb7c00d64a2cf210e365e2601b2ea2a0b135,0.5789283980732797,0.2776895702162606,0.15230580015489312,0.6704123469726015,experiments/02_db3v_strict/db3v_strict_20shot_logmel_bn_head_replay_seed_42/STM32_deploy.hex
db3v_strict_20shot_logmel_bn_head_replay_seed_123,02_db3v_strict,False,,LOGMEL,softmax,"[-1,32,40,1]",ccf23d6f4b17009de6e4ff964316661de400a9cede3898c359d95672d3024299,0.5922847452468508,0.25343553243909117,0.1395817904569611,0.665899274569713,experiments/02_db3v_strict/db3v_strict_20shot_logmel_bn_head_replay_seed_123/STM32_deploy.hex
db3v_strict_20shot_logmel_bn_head_replay_seed_2026,02_db3v_strict,False,,LOGMEL,softmax,"[-1,32,40,1]",9b781ab155c339aff765c921939691b3bb6237a0c86c2376c08b94b48126185e,0.5916561356864156,0.2516287982480153,0.13478436945715866,0.6674302916019632,experiments/02_db3v_strict/db3v_strict_20shot_logmel_bn_head_replay_seed_2026/STM32_deploy.hex
db3v_strict_5shot_pcen_bn_head_replay_seed_42,02_db3v_strict,False,,PCEN,softmax,"[-1,32,40,1]",e82332072d73a47d73d0ddb76c9e4e7cbbe6de2af5c4258cce51d2d96a45cf49,0.33537924861463597,0.2132493840678894,0.08263148387541715,0.46968764049658107,experiments/02_db3v_strict/db3v_strict_5shot_pcen_bn_head_replay_seed_42/STM32_deploy.hex
db3v_strict_5shot_pcen_bn_head_replay_seed_123,02_db3v_strict,False,,PCEN,softmax,"[-1,32,40,1]",22a39c6869f63e821228b2f9d64e74f9d741eaf5e7bc7874a212331a1d9298e1,0.31048167982044794,0.14103476594579797,0.08556146486942816,0.4581086115594021,experiments/02_db3v_strict/db3v_strict_5shot_pcen_bn_head_replay_seed_123/STM32_deploy.hex
db3v_strict_5shot_pcen_bn_head_replay_seed_2026,02_db3v_strict,False,,PCEN,softmax,"[-1,32,40,1]",b4f26f748d3b05775360e7a27569d167e2884ac82c6a01978f6d885db569f5a3,0.31281831739411675,0.21905283328770872,0.07855032035855498,0.46816880168430386,experiments/02_db3v_strict/db3v_strict_5shot_pcen_bn_head_replay_seed_2026/STM32_deploy.hex
db3v_strict_10shot_pcen_head_only_seed_42,02_db3v_strict,False,,PCEN,softmax,"[-1,32,40,1]",1981f69e317e2edf3c7ec04a9bcfed27f43dbf2c439d81ce6a182f2aa683266a,0.36363233807152073,0.11092252942786751,0.09205828780792312,0.5023999569821428,experiments/02_db3v_strict/db3v_strict_10shot_pcen_head_only_seed_42/STM32_deploy.hex
db3v_strict_10shot_pcen_head_only_seed_123,02_db3v_strict,False,,PCEN,softmax,"[-1,32,40,1]",b71ebe039f191a7fa454a8480a59bf7bdd92fe20034de374e3047e7e80985ad8,0.37556592512204057,0.26137421297563646,0.1476884700995332,0.5313038322812396,experiments/02_db3v_strict/db3v_strict_10shot_pcen_head_only_seed_123/STM32_deploy.hex
db3v_strict_10shot_pcen_head_only_seed_2026,02_db3v_strict,False,,PCEN,softmax,"[-1,32,40,1]",c77516b0a26f61189e99ce06bb6b30ea188a5a99e2e5f098027d04bf2f51737b,0.3734174614782018,0.286504243087873,0.15181366800159415,0.5276912958420407,experiments/02_db3v_strict/db3v_strict_10shot_pcen_head_only_seed_2026/STM32_deploy.hex
db3v_strict_20shot_pcen_full_seed_42,02_db3v_strict,False,,PCEN,softmax,"[-1,32,40,1]",bf04cbf16bf31c2a143a172792f827e42c73d50025fecacfd183d3b5274354b1,0.36313729000392986,0.3125650150561183,0.17060939412149118,0.5169953680049388,experiments/02_db3v_strict/db3v_strict_20shot_pcen_full_seed_42/STM32_deploy.hex
db3v_strict_20shot_pcen_full_seed_123,02_db3v_strict,False,,PCEN,softmax,"[-1,32,40,1]",d050f7acfb28cf8ecc9b2a19fce1b125c29e5fce0142c372b13000d14b57d2c9,0.3946551245946407,0.35767862031207226,0.15589678362794476,0.5260578282550947,experiments/02_db3v_strict/db3v_strict_20shot_pcen_full_seed_123/STM32_deploy.hex
db3v_strict_20shot_pcen_full_seed_2026,02_db3v_strict,False,,PCEN,softmax,"[-1,32,40,1]",cab361bb22fcd569458de3cd0382166e2fa522164a746c710b0ca194c98ad6ee,0.3728818325497245,0.35110867779906924,0.14748069685859758,0.5326334959566366,experiments/02_db3v_strict/db3v_strict_20shot_pcen_full_seed_2026/STM32_deploy.hex
birdset_strict_5shot_mfcc_bn_head_replay_seed_42,03_birdset_strict,False,,MFCC,sigmoid,"[-1,32,13,1]",0e748f5c452ad55506473986cb7cfe6dc5d6e7fd0224dce013edf66ed9c2c9cb,0.47359845507779863,0.1939775526964139,0.1368826441571423,0.479368483902322,experiments/03_birdset_strict/birdset_strict_5shot_mfcc_bn_head_replay_seed_42/STM32_deploy.hex
birdset_strict_5shot_mfcc_bn_head_replay_seed_123,03_birdset_strict,False,,MFCC,sigmoid,"[-1,32,13,1]",30cac9a9742835f0fea28849e245a3ed4f9dbec8669fea9d7709938176850759,0.47583851650881714,0.20038324664659185,0.14057604228485995,0.4828724995946582,experiments/03_birdset_strict/birdset_strict_5shot_mfcc_bn_head_replay_seed_123/STM32_deploy.hex
birdset_strict_5shot_mfcc_bn_head_replay_seed_2026,03_birdset_strict,False,,MFCC,sigmoid,"[-1,32,13,1]",b75fa7bd31f0e0be95e20c97d35ed42dc8887fde3a0bfc1a361c4e0746ebf666,0.502152268010337,0.21018341089515466,0.15617451143987732,0.4856648417568492,experiments/03_birdset_strict/birdset_strict_5shot_mfcc_bn_head_replay_seed_2026/STM32_deploy.hex
birdset_strict_10shot_mfcc_bn_head_replay_seed_42,03_birdset_strict,False,,MFCC,sigmoid,"[-1,32,13,1]",93ba086d223539c1a3e712c7969946feef93929379eadec2480e9fe4a8bb8e4f,0.4796432766029764,0.200711743772242,0.1490210566544996,0.48425537310989714,experiments/03_birdset_strict/birdset_strict_10shot_mfcc_bn_head_replay_seed_42/STM32_deploy.hex
birdset_strict_10shot_mfcc_bn_head_replay_seed_123,03_birdset_strict,False,,MFCC,sigmoid,"[-1,32,13,1]",8aecc8adccd51d2ed540df6dad78742ee739d84efa28ab05ec72b34d69d19b48,0.47037103690801657,0.21199014508623049,0.14991472122221397,0.4769042702084679,experiments/03_birdset_strict/birdset_strict_10shot_mfcc_bn_head_replay_seed_123/STM32_deploy.hex
birdset_strict_10shot_mfcc_bn_head_replay_seed_2026,03_birdset_strict,False,,MFCC,sigmoid,"[-1,32,13,1]",513b9a13d3f2885fd7b7fa04fd8e161d761ee9039e0b412ba5d4530c2d557513,0.4842612456897013,0.2079386805365453,0.15696195522691941,0.4809275859317314,experiments/03_birdset_strict/birdset_strict_10shot_mfcc_bn_head_replay_seed_2026/STM32_deploy.hex
birdset_strict_20shot_mfcc_bn_head_replay_seed_42,03_birdset_strict,True,BirdSet量化稳定链路 seed 42,MFCC,sigmoid,"[-1,32,13,1]",41b6b7735b1a7200f605da13dc553d709bc5f51eacc4f487c72fe5ad461c11fa,0.4669786318684224,0.24237612920886942,0.18636688477310245,0.4914974260102966,experiments/03_birdset_strict/birdset_strict_20shot_mfcc_bn_head_replay_seed_42/STM32_deploy.hex
birdset_strict_20shot_mfcc_bn_head_replay_seed_123,03_birdset_strict,True,BirdSet量化稳定链路 seed 123,MFCC,sigmoid,"[-1,32,13,1]",63c05befcf617a3b0b84f9b1c4673cb8fc9da9fda6421b71ce9a7c8e6892b54b,0.4858581603071099,0.22638926909389542,0.16954528762203183,0.4824960810678951,experiments/03_birdset_strict/birdset_strict_20shot_mfcc_bn_head_replay_seed_123/STM32_deploy.hex
birdset_strict_20shot_mfcc_bn_head_replay_seed_2026,03_birdset_strict,True,BirdSet量化稳定链路 seed 2026,MFCC,sigmoid,"[-1,32,13,1]",cf3ba3be4ed073254efe87aba27d7a6dd218f4df84736067a2746c1f5a4314b5,0.4786716045494167,0.25491376950451683,0.1962275358787585,0.4868902362871038,experiments/03_birdset_strict/birdset_strict_20shot_mfcc_bn_head_replay_seed_2026/STM32_deploy.hex
birdset_strict_5shot_logmel_bn_head_replay_seed_42,03_birdset_strict,False,,LOGMEL,sigmoid,"[-1,32,40,1]",b7af982e075978ae508db601e93d88e00cebf32212059cd7bc1e33a278240e3f,0.5423776706664424,0.1794689296468656,0.12569795195840477,0.5735681016442788,experiments/03_birdset_strict/birdset_strict_5shot_logmel_bn_head_replay_seed_42/STM32_deploy.hex
birdset_strict_5shot_logmel_bn_head_replay_seed_123,03_birdset_strict,False,,LOGMEL,sigmoid,"[-1,32,40,1]",342ea251f908b06bb5e45a093a428b4c7a94b5c31ddc61ab62a6b825bbbbf844,0.5134305169432216,0.2599507254311525,0.14896184184116695,0.5908158157080937,experiments/03_birdset_strict/birdset_strict_5shot_logmel_bn_head_replay_seed_123/STM32_deploy.hex
birdset_strict_5shot_logmel_bn_head_replay_seed_2026,03_birdset_strict,False,,LOGMEL,sigmoid,"[-1,32,40,1]",eabede2c65cc6d70a1aa92232e863be1fcc16126b33d123a23781bdd934a04ad,0.538501413756443,0.16731453599781002,0.12127018429142851,0.5711714371619988,experiments/03_birdset_strict/birdset_strict_5shot_logmel_bn_head_replay_seed_2026/STM32_deploy.hex
birdset_strict_10shot_logmel_bn_head_replay_seed_42,03_birdset_strict,False,,LOGMEL,sigmoid,"[-1,32,40,1]",607b358cd981c5e5bf7738eb48885701983aff94a71d55e9118d823b3e463065,0.5224537028411429,0.18861209964412812,0.13791507444156687,0.5668399734292899,experiments/03_birdset_strict/birdset_strict_10shot_logmel_bn_head_replay_seed_42/STM32_deploy.hex
birdset_strict_10shot_logmel_bn_head_replay_seed_123,03_birdset_strict,False,,LOGMEL,sigmoid,"[-1,32,40,1]",04cdc2f884111c5ce306f3b4e7120ee0abaa7cfbb81c6193faabef2da5d83476,0.5526927023896205,0.2724883657267999,0.14948068384546695,0.6021688570054962,experiments/03_birdset_strict/birdset_strict_10shot_logmel_bn_head_replay_seed_123/STM32_deploy.hex
birdset_strict_10shot_logmel_bn_head_replay_seed_2026,03_birdset_strict,False,,LOGMEL,sigmoid,"[-1,32,40,1]",e2941b8a85a555fd38c40bee2c780c7a62ac4f3fd64c99a2ae8e04bcd79aeb43,0.556980110823928,0.23164522310429783,0.13821481760157492,0.5661630030482248,experiments/03_birdset_strict/birdset_strict_10shot_logmel_bn_head_replay_seed_2026/STM32_deploy.hex
birdset_strict_20shot_logmel_head_only_seed_42,03_birdset_strict,True,BirdSet均衡链路 seed 42,LOGMEL,sigmoid,"[-1,32,40,1]",d3567c29e17b553117ac24e78ee2bb2b8bb15a44fb1835048d0ef4487950c3f1,0.5686168301344157,0.22162606077196825,0.1297661946990083,0.640913769692511,experiments/03_birdset_strict/birdset_strict_20shot_logmel_head_only_seed_42/STM32_deploy.hex
birdset_strict_20shot_logmel_head_only_seed_123,03_birdset_strict,True,BirdSet均衡链路 seed 123,LOGMEL,sigmoid,"[-1,32,40,1]",5b061dabd0341cb71acd5d28545032d8dfd152f0283125abd81a09424ad7aeac,0.5688850660186139,0.22222830550232686,0.12878635865455026,0.6443751247815446,experiments/03_birdset_strict/birdset_strict_20shot_logmel_head_only_seed_123/STM32_deploy.hex
birdset_strict_20shot_logmel_head_only_seed_2026,03_birdset_strict,True,BirdSet均衡链路 seed 2026,LOGMEL,sigmoid,"[-1,32,40,1]",e4d1c5cb4413533b0fc316f69b6e6d6f088071dd1981768b4457f7b388229141,0.5310019621431232,0.1914590747330961,0.10775644774695413,0.6142843958439717,experiments/03_birdset_strict/birdset_strict_20shot_logmel_head_only_seed_2026/STM32_deploy.hex
birdset_strict_5shot_pcen_bn_head_seed_42,03_birdset_strict,False,,PCEN,sigmoid,"[-1,32,40,1]",e54d5cea60801568b49a4a5ef6dea1fe5599545bff8d55931b5ef58351fa7b71,0.17558072198887376,0.19748152203668218,0.04243999518660414,0.28616339041412464,experiments/03_birdset_strict/birdset_strict_5shot_pcen_bn_head_seed_42/STM32_deploy.hex
birdset_strict_5shot_pcen_bn_head_seed_123,03_birdset_strict,False,,PCEN,sigmoid,"[-1,32,40,1]",69370ffe579b15ed8aecc65e200624b167e96c16b8331ea9745d60b4425631db,0.16048839924345246,0.1987955105392828,0.04171978460916304,0.22652421631103145,experiments/03_birdset_strict/birdset_strict_5shot_pcen_bn_head_seed_123/STM32_deploy.hex
birdset_strict_5shot_pcen_bn_head_seed_2026,03_birdset_strict,False,,PCEN,sigmoid,"[-1,32,40,1]",3bab5d00686989b7523f1c77f70a60e5c8c005fb2cf11bd74d3970147b546815,0.20305036634301,0.19698877634820694,0.04323922505209842,0.32120542574808153,experiments/03_birdset_strict/birdset_strict_5shot_pcen_bn_head_seed_2026/STM32_deploy.hex
birdset_strict_10shot_pcen_bn_head_seed_42,03_birdset_strict,False,,PCEN,sigmoid,"[-1,32,40,1]",03f2100f98c5f7702c6301b40e7e4868c5b7a8b76639ec8bcaa08a6b930f1be9,0.18869769555784222,0.1987407610183411,0.04246761665427822,0.25443737391127225,experiments/03_birdset_strict/birdset_strict_10shot_pcen_bn_head_seed_42/STM32_deploy.hex
birdset_strict_10shot_pcen_bn_head_seed_123,03_birdset_strict,False,,PCEN,sigmoid,"[-1,32,40,1]",d17332355e3791c6a7e7d169b7d94f114fc632eade5915ded4e1ec84017824c8,0.18038190196993809,0.19857651245551602,0.04465317085556816,0.2574011473552483,experiments/03_birdset_strict/birdset_strict_10shot_pcen_bn_head_seed_123/STM32_deploy.hex
birdset_strict_10shot_pcen_bn_head_seed_2026,03_birdset_strict,False,,PCEN,sigmoid,"[-1,32,40,1]",2bdaa8dc912ec27aa2ad2ab2af1b7745e635b08ddf8bf82d2cc63beea54925c7,0.20178111068796767,0.19797426772515742,0.042984817636044156,0.3167672354148069,experiments/03_birdset_strict/birdset_strict_10shot_pcen_bn_head_seed_2026/STM32_deploy.hex
birdset_strict_20shot_pcen_bn_head_seed_42,03_birdset_strict,False,,PCEN,sigmoid,"[-1,32,40,1]",dfdc6fac080698f2b88619becbd91bae9c91160bd62633f0e6b9c59eaf94e401,0.15684072577444538,0.19288256227758008,0.04156543500196193,0.27883638352943674,experiments/03_birdset_strict/birdset_strict_20shot_pcen_bn_head_seed_42/STM32_deploy.hex
birdset_strict_20shot_pcen_bn_head_seed_123,03_birdset_strict,False,,PCEN,sigmoid,"[-1,32,40,1]",c4b1a6d3b5e03e2295d55595750b80ac3f77c5b10fb1bd588a6c227d20cad306,0.16580332021874422,0.1945797974267725,0.041402741882006225,0.286428944621611,experiments/03_birdset_strict/birdset_strict_20shot_pcen_bn_head_seed_123/STM32_deploy.hex
birdset_strict_20shot_pcen_bn_head_seed_2026,03_birdset_strict,False,,PCEN,sigmoid,"[-1,32,40,1]",d81e645c76a6a5ddaed24043c845ca09c569b8bb1ea2b52eb246171bff376f4e,0.18299080872042145,0.19102107856556255,0.042410514560686445,0.29058358419827673,experiments/03_birdset_strict/birdset_strict_20shot_pcen_bn_head_seed_2026/STM32_deploy.hex
