path,bytes,sha256
label_map.json,221,9801b4f289b659a742e198e8e1591acfa4b768860632d98faf912b895a0846cb
models/birdset_strict_10shot_logmel_bn_head_replay_seed_123/audio_sweep.log,1429,3210f8cf6725de3fb6a403c85ea8cdd092e311d4bca81d7a21cf647f90a84072
models/birdset_strict_10shot_logmel_bn_head_replay_seed_123/flash.log,2109,0222823e482d589019cc196dd6900dff07efcad456a74bc44de6a40b5280075d
models/birdset_strict_10shot_logmel_bn_head_replay_seed_123/info.json,844,2f8193a745b4a06c8c8585f7c4ded2645fdd73c667741f9057ceeb2d6e4caa6a
models/birdset_strict_10shot_logmel_bn_head_replay_seed_123/info.log,985,621a82648d3589bf737ead5f05a469f5aefa23ad70e863624bb58a6944c3ff40
models/birdset_strict_10shot_logmel_bn_head_replay_seed_123/parity.log,1395,55ffd6592fc7ac714139ae9d9d41ea94dde43f7d3ebf842cc4d0bfe96ae293b7
models/birdset_strict_10shot_logmel_bn_head_replay_seed_123/parity_predictions.csv,2731,d3f3de7c20bab179715d2231ba0a7a637eb4cc46272149344043391dcce25100
models/birdset_strict_10shot_logmel_bn_head_replay_seed_123/predictions.csv,2993,cd06cd5dd8814baba7df8c2ae12a706160302e306fc5844efd39ff9d5a8873c7
models/birdset_strict_10shot_logmel_bn_head_replay_seed_123/status.json,2230,d88775053ddb76fe2cfe60c20879f250308bce99fb2131dbf15dbd98a113e941
models/birdset_strict_10shot_logmel_bn_head_replay_seed_2026/audio_sweep.log,1431,ed7232afb2ac388a543a935dc1672e893940efb1e5a7e0888ff7da03d233c4bf
models/birdset_strict_10shot_logmel_bn_head_replay_seed_2026/flash.log,2112,880b21b1d7606b6c415305946fbc6b6a8f1b7cf5e36584fca784b84d8db85df5
models/birdset_strict_10shot_logmel_bn_head_replay_seed_2026/info.json,844,f6b0abe52e05e3e9bc00d20ef8337138b1e1a8b3ef5932f8231c4767c08092db
models/birdset_strict_10shot_logmel_bn_head_replay_seed_2026/info.log,985,6775fe3cf431e10b3594d30d96ec374d5191795ac8b83e7ab4a392f40a88040d
models/birdset_strict_10shot_logmel_bn_head_replay_seed_2026/parity.log,1398,cfb68df7d36fccb2d9bc4a6b233080cc7c64624078b4b66ad2ded843150aad77
models/birdset_strict_10shot_logmel_bn_head_replay_seed_2026/parity_predictions.csv,2631,4decd6abdd1385d728a94a1414d5575775927e27bdd4d9630130d98f3f37b013
models/birdset_strict_10shot_logmel_bn_head_replay_seed_2026/predictions.csv,2963,ca70925f01876f97332ed33ed1a5644307f425d6aaca6411e3fe68d564d6f398
models/birdset_strict_10shot_logmel_bn_head_replay_seed_2026/status.json,1761,3e5f13a4fb643b2a13cfd8bc6288b02558cf18a4c6bcdfd5ca7e97ba0b786235
models/birdset_strict_10shot_logmel_bn_head_replay_seed_42/audio_sweep.log,1429,ab313ab57536cbba7b51dca8347e64b391daa04844a219278292d4159d0df9a2
models/birdset_strict_10shot_logmel_bn_head_replay_seed_42/flash.log,2106,952ef4d7cc6a9c2eb59a9e7654f9955f20e85c5b023e577c446906b9c31483d4
models/birdset_strict_10shot_logmel_bn_head_replay_seed_42/info.json,844,ba3f434699b827b8f86e1aef1557d301c3f98897eb28105cc4182f994966b34e
models/birdset_strict_10shot_logmel_bn_head_replay_seed_42/info.log,985,4f7c50739a3547783a4e7540ffcc3ea5df5112a1aed95b379bdb8febd347d71f
models/birdset_strict_10shot_logmel_bn_head_replay_seed_42/parity.log,1392,425fc3b3e6db82b6756e91b181636b17cb806dc0d739a2297a844f1ab00367ab
models/birdset_strict_10shot_logmel_bn_head_replay_seed_42/parity_predictions.csv,2617,ad6ee56377f84fea1fefca63c81b14ff8135c026bf045d76e6d029a81b7147ef
models/birdset_strict_10shot_logmel_bn_head_replay_seed_42/predictions.csv,2913,e8c58fe8aa7b753ab735a892df200f5a5bfee5443e44b3ededc82668eb8faec0
models/birdset_strict_10shot_logmel_bn_head_replay_seed_42/status.json,2228,39f0fdf3dd0112bf60652118e8877eef9227d8c051add09c65b56dacd308c2d7
models/birdset_strict_10shot_mfcc_bn_head_replay_seed_123/audio_sweep.log,1436,dc6ad362d6c8f43844f67f3d918d069ea34c8ad0d9d1c5ae043bf0b6acbe5f11
models/birdset_strict_10shot_mfcc_bn_head_replay_seed_123/flash.log,2043,e5cf37103b6f03257a86752cac06d26b49996b70cae5f312fc235b956df72752
models/birdset_strict_10shot_mfcc_bn_head_replay_seed_123/info.json,839,f194fd99fb0b67272a87542e22e7d56d9040a6bea9c35c0ae93bf41946bcf84f
models/birdset_strict_10shot_mfcc_bn_head_replay_seed_123/info.log,980,fc7d74b77406de47ef75ddb9e2c9b44d0cb07cfe095ae64a09db2aeb086ea132
models/birdset_strict_10shot_mfcc_bn_head_replay_seed_123/parity.log,1383,1e75c8b8ebc1f8ec22516315f2d4ab2af80a1ec1effb28ca317e2a4e9ee1a26a
models/birdset_strict_10shot_mfcc_bn_head_replay_seed_123/parity_predictions.csv,2431,dfc6c569569874dfe3520e0c11c1147302607cd8501d4406f812a7202bb75079
models/birdset_strict_10shot_mfcc_bn_head_replay_seed_123/predictions.csv,2925,29439df48863535aae1c99573df39b7947aa066a5ba94d11f39b95acfa5961e8
models/birdset_strict_10shot_mfcc_bn_head_replay_seed_123/status.json,2241,846995be29b87bdd813b3fedad7a07b50d1dd7f8e8f65fd05e922c423375a65b
models/birdset_strict_10shot_mfcc_bn_head_replay_seed_2026/audio_sweep.log,1434,98f93916480c0820c6f78b742efa52a7540eeb7a4a3eb86bb21a0344aeeddf8a
models/birdset_strict_10shot_mfcc_bn_head_replay_seed_2026/flash.log,2046,72600a54da00c0c5e55abdea84cbd1721a21a5b440072a7d48e681bb92dba8aa
models/birdset_strict_10shot_mfcc_bn_head_replay_seed_2026/info.json,839,fdadb1c7b4b56d7eeed0949bd0a0eff467c2fe708488f352cc183b3c295bb694
models/birdset_strict_10shot_mfcc_bn_head_replay_seed_2026/info.log,980,04c3812e46a51656bb9d84b139bed792ab581e06f822b4d5d6f58e84c4ac7daf
models/birdset_strict_10shot_mfcc_bn_head_replay_seed_2026/parity.log,1386,007f1f45f2c0b9fdd8383294484be9d31ce73904d67958ceef308b5f240c5abe
models/birdset_strict_10shot_mfcc_bn_head_replay_seed_2026/parity_predictions.csv,2427,094a4ba59c2b62222ed7c5b66e786324b96bde754aa3f4341bcfb58d18336d0f
models/birdset_strict_10shot_mfcc_bn_head_replay_seed_2026/predictions.csv,2931,4a9f0b2bede4d2872df444b62020a5a36dde0e1c5ae9a4dd259a90b6fa309ece
models/birdset_strict_10shot_mfcc_bn_head_replay_seed_2026/status.json,2242,bb29eab9b8c07720680394419b24fee2abe6d3879da149d85db39f881aceed4f
models/birdset_strict_10shot_mfcc_bn_head_replay_seed_42/audio_sweep.log,1430,d33aa54e127715ad906b4bcfb17f1c52096abcb5a7d13fda8c4fffc68e3798bd
models/birdset_strict_10shot_mfcc_bn_head_replay_seed_42/flash.log,2040,d4d123ac6aa92e7cd7a394f3d0f86c40be6fc078261545df9015488329e4f42e
models/birdset_strict_10shot_mfcc_bn_head_replay_seed_42/info.json,839,740ef9901698b0c8393d9e74fba27dbfdc1ea356581753c6de80be348e95ef15
models/birdset_strict_10shot_mfcc_bn_head_replay_seed_42/info.log,980,febdf40b3133f07004032f16bf38d06812929a95bef58eccf70cf8beb68246b5
models/birdset_strict_10shot_mfcc_bn_head_replay_seed_42/parity.log,1380,0969780af9d53eb72e8f681179f21fc2b4a863aca675ec6dacccbac6a2af6b8e
models/birdset_strict_10shot_mfcc_bn_head_replay_seed_42/parity_predictions.csv,2441,ad64af5be6d7ddb873528a83bc4afca7da38e29c1865ee2b37769b9827e13b42
models/birdset_strict_10shot_mfcc_bn_head_replay_seed_42/predictions.csv,2948,958b4df925b1b74ce6e4509c8249a9d2a32aabf4a4afd28e719418e95ebea476
models/birdset_strict_10shot_mfcc_bn_head_replay_seed_42/status.json,2240,7879286fa8829b8765b332c988c1ad058b7021ff809ae0f4060d0c1a0f5a6eb8
models/birdset_strict_10shot_pcen_bn_head_seed_123/audio_sweep.log,1427,a411b867eaf53e5f2f83cc042fc1c4b1c34320381a7d342f24a845c652bf1a72
models/birdset_strict_10shot_pcen_bn_head_seed_123/flash.log,2022,e32d81e55460fd4f1f309a2552c300e8573833cda3806a7087beba5c74e9f349
models/birdset_strict_10shot_pcen_bn_head_seed_123/info.json,845,58b5dd18cd517e86ca128f4178dcb9ba7c6a60a3394c6ec69ae7e3b2d9a26b23
models/birdset_strict_10shot_pcen_bn_head_seed_123/info.log,986,848102f76f8867c618b79ecad52a916bc5de3c71fb54744ea9b0c2a61f353d34
models/birdset_strict_10shot_pcen_bn_head_seed_123/parity.log,1368,8433f6b89a451bc973bae51a0767c7694092911de11d82156c8fc1b981d8df39
models/birdset_strict_10shot_pcen_bn_head_seed_123/parity_predictions.csv,2593,a09b1cbbbba5f5b5b4ddffee38af0d5a1f89bf8fd3107d09a1e4e1f466f7b00b
models/birdset_strict_10shot_pcen_bn_head_seed_123/predictions.csv,2925,3d94674097101c7c11dff1cac3faa13c8336f5c98fa90338ddd815ca3fffaab3
models/birdset_strict_10shot_pcen_bn_head_seed_123/status.json,2235,4d2a15e9046dcdbb96bb91d0e234738101c276cf9176225741c0eaec42717c05
models/birdset_strict_10shot_pcen_bn_head_seed_2026/audio_sweep.log,1435,8aece3c17cf00272d0c3e7428acc2045d2bfff16af17014d2d3c3988f04725e7
models/birdset_strict_10shot_pcen_bn_head_seed_2026/flash.log,2025,916397f5ea711c0d7da99ed6bbf8841a7fcf579a56dbfdd75f792699e2348e59
models/birdset_strict_10shot_pcen_bn_head_seed_2026/info.json,846,06619a21e0839ca506a85f09344a3d7ef0183846b9eb426bb8e2c4dca1fd5cd9
models/birdset_strict_10shot_pcen_bn_head_seed_2026/info.log,987,7b832b0461c3c0ddc283e056f5308b5f6326c6a3c49a3e7705d140fe4b009dee
models/birdset_strict_10shot_pcen_bn_head_seed_2026/parity.log,1371,bcf4854417a07bb8baef2f048a2887f777c8b48c0b99f69fc31cc589c246f016
models/birdset_strict_10shot_pcen_bn_head_seed_2026/parity_predictions.csv,2611,fafc40c48e18062698616a065acc4f4c9f7e978929625524ddb3675df0ef7541
models/birdset_strict_10shot_pcen_bn_head_seed_2026/predictions.csv,2974,2718ca8b5dbb6657f43d76dfdd5e301624c6a3161c7ee5be1293e043a7153890
models/birdset_strict_10shot_pcen_bn_head_seed_2026/status.json,2239,603d11493a4181228bceb9ff116856920d508cfabb34a1ec569abf6cc02b36f3
models/birdset_strict_10shot_pcen_bn_head_seed_42/audio_sweep.log,1435,b13c28488da0d58beb9c1995e69d0f98e682d67825e2a3da7a6207dcee800e5b
models/birdset_strict_10shot_pcen_bn_head_seed_42/flash.log,2019,4a824d70ac87f2a44565bc5abf3826fdab9f883421a6af4a7193e5c2bedd3921
models/birdset_strict_10shot_pcen_bn_head_seed_42/info.json,844,a8ce483b7e92948d30d09757ea078a5abb729c22e7cbc443e6882583949195b3
models/birdset_strict_10shot_pcen_bn_head_seed_42/info.log,985,5dba785b99895f31321fd9c8f26f1d4b545861e7aef395786439f5b3f1835c24
models/birdset_strict_10shot_pcen_bn_head_seed_42/parity.log,1365,5aea1a6f4f082d22c13d06b9c42b6d0d61229645d45729623e76f4206d11ca1a
models/birdset_strict_10shot_pcen_bn_head_seed_42/parity_predictions.csv,2575,6aedb5ee38df76a295b83b8bf912c3ede197cfdd4692c9da81cbc755906ebc4d
models/birdset_strict_10shot_pcen_bn_head_seed_42/predictions.csv,2998,1473c573ed47215f916646576d6248cc23c59253d1162c704c158c651f7bd391
models/birdset_strict_10shot_pcen_bn_head_seed_42/status.json,2225,3b5e52b5d926a6414452418861d60bfe7df407e8db0265bd84be9e8cf56c2242
models/birdset_strict_20shot_logmel_head_only_seed_123/audio_sweep.log,1424,0312f563dee45ce0c5a07b4640074586dd449564900c865a20ff562f0972ffcd
models/birdset_strict_20shot_logmel_head_only_seed_123/flash.log,2036,1440ffd23be67fab4d532070a258d7a8753f51450ca5453ee5623dbb50cf5453
models/birdset_strict_20shot_logmel_head_only_seed_123/info.json,848,d73e3333690563c432f4008de8333486e3796401ba62ef80a80d9d2af1515b69
models/birdset_strict_20shot_logmel_head_only_seed_123/info.log,989,588e2015c1499939c0187c7e8f53907db22f01819ff321da8d7d569aac2145b2
models/birdset_strict_20shot_logmel_head_only_seed_123/parity.log,1380,16ca10dec56ec10c17c90567926d3a3b4ca2b94898de4a9b969e8dae4587f4ff
models/birdset_strict_20shot_logmel_head_only_seed_123/parity_predictions.csv,2689,a75104743536b0ac21a4169e154facf12b09b5b2655dbe3fa4cce2615cb1f2af
models/birdset_strict_20shot_logmel_head_only_seed_123/predictions.csv,2962,c91636df6f8edb61161f9dc01735163e95e6a060d3508247899a4675284eb233
models/birdset_strict_20shot_logmel_head_only_seed_123/status.json,2239,e3d816de9988851ce621b18a39cc30831062d63fd926fc2e50ea9c5fc2664258
models/birdset_strict_20shot_logmel_head_only_seed_2026/audio_sweep.log,1428,5308dca7fb4cb4ab68434456157fb9598989f09ab3f9f227c1bc93fbdde8466c
models/birdset_strict_20shot_logmel_head_only_seed_2026/flash.log,2097,62f7bf8c286e6e578f8854ff78050ee211798ac7108f13424b655d5fcc4e5609
models/birdset_strict_20shot_logmel_head_only_seed_2026/info.json,844,5853e3f03c627ca8253791ab73c936dabd5986381cb30ac00ae0d629308c420f
models/birdset_strict_20shot_logmel_head_only_seed_2026/info.log,985,d725013c29c93d279a0ad56ef70cbf22e409ef4beb3ec24835568c0f8e5a8f21
models/birdset_strict_20shot_logmel_head_only_seed_2026/parity.log,1383,4871938fd306a5a5e42208ee1a5cce3498a64af4a2667eb5eb8c6fb1369f5eb8
models/birdset_strict_20shot_logmel_head_only_seed_2026/parity_predictions.csv,2697,df313ffa3cd5896296da9a554325b8ba48fb375cac5065ef5ea8d0aea891377c
models/birdset_strict_20shot_logmel_head_only_seed_2026/predictions.csv,2972,a0014f63e4f938d75370ddd8cd33d1579b4bbe8cfe785e8ac24285f496a52df9
models/birdset_strict_20shot_logmel_head_only_seed_2026/status.json,2240,754bd8eff52fd1cff16f6e54da255dd45a25c91d44b685355c2523c2c99f3c46
models/birdset_strict_20shot_logmel_head_only_seed_42/audio_sweep.log,1422,110350efb9d6731b874fb5e54f610727e58f546aba667c12c5dff197dfa116eb
models/birdset_strict_20shot_logmel_head_only_seed_42/flash.log,2033,0004b4f7f4fb0b6b2ac0c2291b77db5bdd190ca5c78b16657f21b1422f8c31cb
models/birdset_strict_20shot_logmel_head_only_seed_42/info.json,847,7e0ec8847e4b954426e8d0804b3bb2e33ca3f647f78fcd6f07955a283df08269
models/birdset_strict_20shot_logmel_head_only_seed_42/info.log,988,b32d8abffbd31eff85157de7e6a760d01a3f82051622ec842ff6231bf2ec0f2e
models/birdset_strict_20shot_logmel_head_only_seed_42/parity.log,1377,c750cdf1ecbe7e0c8377f740db4dc758a695c574f2d464c11a943516436507b6
models/birdset_strict_20shot_logmel_head_only_seed_42/parity_predictions.csv,2691,632f640dd9146d4b95713952a40f04f4b9ab41cea3bf134b4b470506a7157f9e
models/birdset_strict_20shot_logmel_head_only_seed_42/predictions.csv,2957,0c8bd457580a383ed263f4f7e12ee259cf7fd12c255c38626ad75da31410f4b2
models/birdset_strict_20shot_logmel_head_only_seed_42/status.json,2238,44331e3958e8e7c486ea7d7abb14353195453cb57d6175c5df002419838078c4
models/birdset_strict_20shot_mfcc_bn_head_replay_seed_123/audio_sweep.log,1432,b2e1070de5523b322d2cba765c85868fceebdd3fa4772f79c54ba88ec21d8646
models/birdset_strict_20shot_mfcc_bn_head_replay_seed_123/flash.log,2043,7abbc00bdec5135fef399e4c547b8794d08a04b86dfea8acbdc05fe891607bcf
models/birdset_strict_20shot_mfcc_bn_head_replay_seed_123/info.json,839,ac9c518c7ff0a9dafead40c8d4dac72e017c738b192e1cbcf8702be84479d755
models/birdset_strict_20shot_mfcc_bn_head_replay_seed_123/info.log,980,5e23883abf27ef86a4307f681e1651d35d3422810764c523066e04d7cba2c891
models/birdset_strict_20shot_mfcc_bn_head_replay_seed_123/parity.log,1383,e153a90d24d98c270c978f9c83766238c1d98e416593ee02e8b15b35dd896144
models/birdset_strict_20shot_mfcc_bn_head_replay_seed_123/parity_predictions.csv,2441,fc21609daac872956f010189bc103c147f10fd7e0b097065531bb05de2090161
models/birdset_strict_20shot_mfcc_bn_head_replay_seed_123/predictions.csv,2952,8ead7889a8dc46c29536d43e805f921a13b9852a9a02c18f29610cde5cabb842
models/birdset_strict_20shot_mfcc_bn_head_replay_seed_123/status.json,2241,1b6a210b0d1add6365944c62875e5d04bea2eff934169c94aa22d628fb3abcb5
models/birdset_strict_20shot_mfcc_bn_head_replay_seed_2026/audio_sweep.log,1437,7ea0f21c9fd4fb121d3d1eead31147606fff2ecdf5d3292acd19d8b05195a1cb
models/birdset_strict_20shot_mfcc_bn_head_replay_seed_2026/flash.log,2046,f25ca1edbdfff35b68b80e9cf53f024ae8317e7cbeacbb6338e762fa86b1f989
models/birdset_strict_20shot_mfcc_bn_head_replay_seed_2026/info.json,839,218e317ba4b71689f958a9571467810f914229e832feef51e6f1cffe9c91c6b1
models/birdset_strict_20shot_mfcc_bn_head_replay_seed_2026/info.log,980,b22fa9959ad9a72beda638030618e72b4f2ebb4d47a2256b63b758bdbb56b729
models/birdset_strict_20shot_mfcc_bn_head_replay_seed_2026/parity.log,1386,545218f7f1d61cacb7d90463c77cff16974761a0175a400104c10550f8b40899
models/birdset_strict_20shot_mfcc_bn_head_replay_seed_2026/parity_predictions.csv,2421,b5ad1ecc7750a23f900bf6066054defba844a5089378f07ccde14498a3c5c43d
models/birdset_strict_20shot_mfcc_bn_head_replay_seed_2026/predictions.csv,2907,ecca58681bb2b61707b9afa3b1d77f280c559b8459ba0bbba52a000225d64d17
models/birdset_strict_20shot_mfcc_bn_head_replay_seed_2026/status.json,2242,843e838c6bc26f4a2ad37eb3e2c9b54c2b41b930605196dcb5394d28c73c6c7e
models/birdset_strict_20shot_mfcc_bn_head_replay_seed_42/audio_sweep.log,1430,d527132d60172a6e14847c37126abd4870985890b89e207be35462ac1cd6dfe5
models/birdset_strict_20shot_mfcc_bn_head_replay_seed_42/flash.log,2040,9378e7f9c9ff318c44e635a50f8ebc4aed567d8c6b4d19bf8f307cdd64e0df35
models/birdset_strict_20shot_mfcc_bn_head_replay_seed_42/info.json,839,fc5a1ebc92c7fcbf73d5e49335459dbb16de233b2f8488b4266ef989c77dcd62
models/birdset_strict_20shot_mfcc_bn_head_replay_seed_42/info.log,980,d38847e2cd53d8c5b6880d276502a457bf37b15232c12cb99c77c97524de281c
models/birdset_strict_20shot_mfcc_bn_head_replay_seed_42/parity.log,1380,f98ab2254db02bd8fc2ba84e2481f1c87ebb006d927bb33f647e14727fc06c8f
models/birdset_strict_20shot_mfcc_bn_head_replay_seed_42/parity_predictions.csv,2389,f741e58df7ee5d7b801de05285b87192afec5bfc22d76c8903d8e3f8fb1dea8d
models/birdset_strict_20shot_mfcc_bn_head_replay_seed_42/predictions.csv,2946,d31fcdc061358bc0e045a409b3dd1709ec80ea74d45e8c5b94f6f3df45be9dc0
models/birdset_strict_20shot_mfcc_bn_head_replay_seed_42/status.json,2240,277c70dfe0a2ab7f0bc18eb235f6057db87ad9a66376c37dfea9fce57ea1c135
models/birdset_strict_20shot_pcen_bn_head_seed_123/audio_sweep.log,1437,8fd004513ad256380f356fc1b551322a1e7c01c4c176a8c87ad67b0e552d6717
models/birdset_strict_20shot_pcen_bn_head_seed_123/flash.log,2022,f35e6324241759fa014caca7dc2414519091e8ff49b9c6a75eb237da4c3654c1
models/birdset_strict_20shot_pcen_bn_head_seed_123/info.json,845,3216dd673aa0bd61040f41ba5d009ce3b5601cac9162a5afd9d5b4ae6aeb9ef6
models/birdset_strict_20shot_pcen_bn_head_seed_123/info.log,986,2aed1a297e2488988df9c581be0e1ed9a8ecb2fafbe3453696c02a256bd6004b
models/birdset_strict_20shot_pcen_bn_head_seed_123/parity.log,1368,fa58fac5aaba1238ecf8dc5f02ad25eae1076f4c884f25056e669f39813730b2
models/birdset_strict_20shot_pcen_bn_head_seed_123/parity_predictions.csv,2631,aa35761f41feb1d68e404046e9bd4aa7368255f81670fda4b3de83481ce89457
models/birdset_strict_20shot_pcen_bn_head_seed_123/predictions.csv,2983,02f492472d6b29e774168f1106fcf2def59b0278e819e0bdbe497a9182b598d1
models/birdset_strict_20shot_pcen_bn_head_seed_123/status.json,2226,621991f5db2ac624bc79cae33325579c01f3142d700a76b345138d4e6f5f2d3b
models/birdset_strict_20shot_pcen_bn_head_seed_2026/audio_sweep.log,1433,d845c48efe6f81c53a195cecec07471b067e01b1b2b84ee5c7ea7927fb9f7f42
models/birdset_strict_20shot_pcen_bn_head_seed_2026/flash.log,2025,ca5bbc6c3e015b6d91dacb093cccff9ae3b38f507e1566c651040165c3fc085c
models/birdset_strict_20shot_pcen_bn_head_seed_2026/info.json,846,a57b6355b8328384e57d3c7bf4809c87ba98f7d40e0d31409249d3cc7f16edbb
models/birdset_strict_20shot_pcen_bn_head_seed_2026/info.log,987,51ae54dbb42ce7ed9e42e9ed141c5a7381c56a101e4783f71a9abe1c4380628a
models/birdset_strict_20shot_pcen_bn_head_seed_2026/parity.log,1371,923caf0814b17cf955021878bbb23d8a955a69b1face36a86cbcf61e641e4266
models/birdset_strict_20shot_pcen_bn_head_seed_2026/parity_predictions.csv,2599,b8129fe2e27c369c33a71ddbdc15b658c83199299bf3e0a5bd023d4d9016d3c9
models/birdset_strict_20shot_pcen_bn_head_seed_2026/predictions.csv,2975,f9fdbc20e4e018dba181bbc61390979622b928f8cb70d9ea75b5870dd2761b53
models/birdset_strict_20shot_pcen_bn_head_seed_2026/status.json,1754,37906fee21417666bebf0afa56a3e6a02d311888afa7856f4b1e20b2cd67307c
models/birdset_strict_20shot_pcen_bn_head_seed_42/audio_sweep.log,1435,277f9dcf4fc45d592d8536ae345552b21722932b60b758c7b9ae5f9e451936f7
models/birdset_strict_20shot_pcen_bn_head_seed_42/flash.log,2019,33d079fa3b0a541248a6e7a7296ece7a3dc5612408bf6898f147ab8beafe54db
models/birdset_strict_20shot_pcen_bn_head_seed_42/info.json,844,b3011515778ae4bc651d82330599beff0c75dfee4823ad507a3e14b681c67cd3
models/birdset_strict_20shot_pcen_bn_head_seed_42/info.log,985,7c95afa4925d638f28c7d31d2a90ea082758eccb114da9cf9810edef0213718c
models/birdset_strict_20shot_pcen_bn_head_seed_42/parity.log,1365,82c7134854dad98835ba74f0169d19e01886baaa93dafb42aff9df3ce25b88c5
models/birdset_strict_20shot_pcen_bn_head_seed_42/parity_predictions.csv,2617,98c6f9658b9ec3dd6ba81b99f246f1e96f324d731b78488f9345d6c696d16695
models/birdset_strict_20shot_pcen_bn_head_seed_42/predictions.csv,3000,8732a1780e352bc1e74cba69c9cdfa8fd3369f8e290810681cf86dffa311d453
models/birdset_strict_20shot_pcen_bn_head_seed_42/status.json,2225,e2d800e1c25c9f154ee79764f58801f2aa4f8559753eea438b09090a28efbeeb
models/birdset_strict_5shot_logmel_bn_head_replay_seed_123/audio_sweep.log,1426,dea9efec073cfab704d55f5f6bb54b5838eed01fcc14b53a6deb293b1f4ea7bc
models/birdset_strict_5shot_logmel_bn_head_replay_seed_123/flash.log,2106,b4d53699f962f1f32316a71706302c8edba37c93f48a8c746e95e01b06533f3c
models/birdset_strict_5shot_logmel_bn_head_replay_seed_123/info.json,844,370c23c838f5b06efa7d54c8d6fc6f1b2abedadc6044050310de65ce293bd4c9
models/birdset_strict_5shot_logmel_bn_head_replay_seed_123/info.log,985,f57fce650cd1eb94f258b62c7551d33d52bd30ff09a2a1911b6ab15607ece4b4
models/birdset_strict_5shot_logmel_bn_head_replay_seed_123/parity.log,1392,863589c7152f365f409e741667979521ff2aee6d51c1f1c74cb22838c12a7d09
models/birdset_strict_5shot_logmel_bn_head_replay_seed_123/parity_predictions.csv,2675,087ebf389b616c43c20e0383241dec80ca0ab8392b23facadc55994999e209d6
models/birdset_strict_5shot_logmel_bn_head_replay_seed_123/predictions.csv,2973,fa90ffc77c384e81ad8e331b5da60d24fedabb8b32c8eb55e15a4459a2aafc7d
models/birdset_strict_5shot_logmel_bn_head_replay_seed_123/status.json,2230,8be75520bce752d39d77965d819a1061b4ff1e5bcb12c6ac6ead90370e499ce6
models/birdset_strict_5shot_logmel_bn_head_replay_seed_2026/audio_sweep.log,1433,4e842b58a7c9232fb790a68f7ab442cc552e70eff62adcae607393fc602de385
models/birdset_strict_5shot_logmel_bn_head_replay_seed_2026/flash.log,2109,2b31f443b7a5bfd49d635a9e05bb1e6aae36217ead7c2707a6385590fc81f5ee
models/birdset_strict_5shot_logmel_bn_head_replay_seed_2026/info.json,844,47b004e5cb6f7ec246dbe2ebb276618d9f4ced60a215c20487eea52923689cd5
models/birdset_strict_5shot_logmel_bn_head_replay_seed_2026/info.log,985,d83af8a295277c403068b8fbcd04ebb79c7c7c4391cec2dab97065ee7bea1785
models/birdset_strict_5shot_logmel_bn_head_replay_seed_2026/parity.log,1395,59f07dbc45e0b10e7953a42c9d941836b37e292e5a8072cc047abcb82ff41b55
models/birdset_strict_5shot_logmel_bn_head_replay_seed_2026/parity_predictions.csv,2669,106bf7181644aac42acdbec55d283f5052f212d1cf4a52ddad4708ab7f66545e
models/birdset_strict_5shot_logmel_bn_head_replay_seed_2026/predictions.csv,2952,963b5aa733b5c1bc49cda1d467a59eaef77fd5507353ed0cba0f24e7c49ce80e
models/birdset_strict_5shot_logmel_bn_head_replay_seed_2026/status.json,2232,15ab4fb0cfbc735dba6edfe8e0c0fbcf8935297fd79abd2dcbd3ea08a164b08b
models/birdset_strict_5shot_logmel_bn_head_replay_seed_42/audio_sweep.log,1430,f77a8710e555ef88a6e00711112e883e73abfef680aaf33fdf1c020ca1e1ce92
models/birdset_strict_5shot_logmel_bn_head_replay_seed_42/flash.log,2103,e3c400587d400b0bd1207f95cca33271a0562ac5b2f1d9480b871aad1771c6f7
models/birdset_strict_5shot_logmel_bn_head_replay_seed_42/info.json,844,34536e712796776bc5e9b22cb1cd0788e384635dd4a13865e214644171f6b88d
models/birdset_strict_5shot_logmel_bn_head_replay_seed_42/info.log,985,2b8adc78d6b174582ebbfeee1d6c387ca5954fa1f91eaec02df04130989dde28
models/birdset_strict_5shot_logmel_bn_head_replay_seed_42/parity.log,1389,11a76a8bfa90a85f50f073d1ddd2147f46cab50e7da130641b24d609d262e6ca
models/birdset_strict_5shot_logmel_bn_head_replay_seed_42/parity_predictions.csv,2687,d29696641a40ec2922d70ca97fae7b8d2135f58f4e01cf036c9b5252a139445c
models/birdset_strict_5shot_logmel_bn_head_replay_seed_42/predictions.csv,2973,2edac37eae1f8cd0175b405fec264dce9d5d3c44264bbe1626d0fe38d9c51472
models/birdset_strict_5shot_logmel_bn_head_replay_seed_42/status.json,2228,034c1d94b3b0623581ff27a031b7dbe64de2b8278b24edecd7bab03387706810
models/birdset_strict_5shot_mfcc_bn_head_replay_seed_123/audio_sweep.log,1430,4332bf523cc2745d72d0933631f6fa94778ed83d12aeb9504928515c5a5a1df5
models/birdset_strict_5shot_mfcc_bn_head_replay_seed_123/flash.log,2040,59025b2c5eabebf515d02740e25b44d2b7efb09563102a8e866e3ad074bed433
models/birdset_strict_5shot_mfcc_bn_head_replay_seed_123/info.json,839,28304f5b725ce3ee02022dbf6e25a5e98c74ce40210528b81c86251e77706dcf
models/birdset_strict_5shot_mfcc_bn_head_replay_seed_123/info.log,980,09cf24df0501d3729fce1aca2bda025f6e2ae60be2f044b783b4accb9d4861b6
models/birdset_strict_5shot_mfcc_bn_head_replay_seed_123/parity.log,1380,4887e3b125435541e41f673892cf67f596f4fc770e9e17971ffda1e96ce7d25a
models/birdset_strict_5shot_mfcc_bn_head_replay_seed_123/parity_predictions.csv,2473,0a9e57af9ee83213f1b30b4f741564cbe90d8e27903ed398d51321329d947046
models/birdset_strict_5shot_mfcc_bn_head_replay_seed_123/predictions.csv,2930,2441d5e4987ef43662355016db43618e8c423f7566bff83ed76202d5a3e333fc
models/birdset_strict_5shot_mfcc_bn_head_replay_seed_123/status.json,2240,b4a9e989f6e35051f90835e39194213b8342b47d975e9eeea1a20761e7dc2dc6
models/birdset_strict_5shot_mfcc_bn_head_replay_seed_2026/audio_sweep.log,1432,e43fb3f821a54b9529352b58610404a555b65255f9be1fcb31f85e6723942557
models/birdset_strict_5shot_mfcc_bn_head_replay_seed_2026/flash.log,2043,ddfb62bfc30fbfebc9db0c859058bd0d5fbc8505bff7752a49ca7422590f28dd
models/birdset_strict_5shot_mfcc_bn_head_replay_seed_2026/info.json,839,1f92c414f99312d6a04fa64b6cd36036964a3c7e97f9744b408dd08054d7ce70
models/birdset_strict_5shot_mfcc_bn_head_replay_seed_2026/info.log,980,fe80ab00e7b111c5c687459dc14f4a160eb4034ca53cea3e24c3457432beb415
models/birdset_strict_5shot_mfcc_bn_head_replay_seed_2026/parity.log,1383,2c1dc7f73f06570ef48083c75c9d91adb54106b7792f3b82e09b45e119e12eca
models/birdset_strict_5shot_mfcc_bn_head_replay_seed_2026/parity_predictions.csv,2413,1d9e0f26f8c92fe3bceed5ae04e5a57e0aaf3b01a04283a8dd58303d88f274a7
models/birdset_strict_5shot_mfcc_bn_head_replay_seed_2026/predictions.csv,2951,956840e932c8ce17b3e46e8c52888e1689125b17755fe71def14dbda707fae10
models/birdset_strict_5shot_mfcc_bn_head_replay_seed_2026/status.json,2241,93c46e35e86e6112b6bf6c770cc80ca846599eee1c09887974812ecabcede5b5
models/birdset_strict_5shot_mfcc_bn_head_replay_seed_42/audio_sweep.log,1432,899eb38ad2a29e015c5d14b39a2498306fcfeb8e334048dcee4d3469d2048377
models/birdset_strict_5shot_mfcc_bn_head_replay_seed_42/flash.log,2037,00751d56713d16142e9b127d2340a816d5c71e09b8b11cdf292207ea6001e793
models/birdset_strict_5shot_mfcc_bn_head_replay_seed_42/info.json,839,64093485c24b5bd40e23db94dbe39b7abca1725d8ddcaf006f26c68b2dd3bdea
models/birdset_strict_5shot_mfcc_bn_head_replay_seed_42/info.log,980,a43c7e4d8803882150abf1b8a5cb05094177834f293e5671de46239dd509e5e2
models/birdset_strict_5shot_mfcc_bn_head_replay_seed_42/parity.log,1377,eb64f761f61784c6e6e9f7c0067280bf6f156f4b98345532fcaf3f69a92cc3c5
models/birdset_strict_5shot_mfcc_bn_head_replay_seed_42/parity_predictions.csv,2471,e2836fe62ffbd6f788a0f248ad723809a256097453b7d9d2245ec0043b0c67c3
models/birdset_strict_5shot_mfcc_bn_head_replay_seed_42/predictions.csv,2948,42f2bf2c419f62399ba408d5eaf96cdf8e8c343444801f655cf74875a32bdd59
models/birdset_strict_5shot_mfcc_bn_head_replay_seed_42/status.json,2239,3d60e26e6c5ea17dd1b2a6c965b8193da0e80e937ecf21b683249e44a1ea977e
models/birdset_strict_5shot_pcen_bn_head_seed_123/audio_sweep.log,1437,c3817e6ed8239ef0ebb60432f5e118a4c52656ee1b223f76bf5c306ef1814f90
models/birdset_strict_5shot_pcen_bn_head_seed_123/flash.log,2019,d14f6ff18a02365d17de05f6b32684f67c63c2cf56a5ec6bedda1ddba5850fa7
models/birdset_strict_5shot_pcen_bn_head_seed_123/info.json,844,4135fab3f47f69ff0ba9e9fcb65c4356e78e3b6f2aec4f7d808355dcebc2c795
models/birdset_strict_5shot_pcen_bn_head_seed_123/info.log,985,fd73d2b55fb028a414caba12c4c2c98c982857e99e285e964df180817d479adc
models/birdset_strict_5shot_pcen_bn_head_seed_123/parity.log,1365,aec4361e76396e12055377f4124e1282fc6d8bba1ad88aaaa886f22d06013575
models/birdset_strict_5shot_pcen_bn_head_seed_123/parity_predictions.csv,2607,f179eb487b515cb6a28fe8f59f3d1e5fccb88732c1b20d6d1d066dd650224a99
models/birdset_strict_5shot_pcen_bn_head_seed_123/predictions.csv,2908,cfd3cf78af74867659fc6d653bab929e6905204e61396ba3f4ee685ea4f0c3c8
models/birdset_strict_5shot_pcen_bn_head_seed_123/status.json,2238,0973cb38883ec2d420a1040a7a57ce6db4e5d8376dc90a7ca953fca3dd12898f
models/birdset_strict_5shot_pcen_bn_head_seed_2026/audio_sweep.log,1427,4b9b837ae5cd37e842934d8ee49ae9c104356c42d7d3291868f9d18c28292681
models/birdset_strict_5shot_pcen_bn_head_seed_2026/flash.log,2022,c6bc4ed7e1d4e38e72e66fb063fce785c9373f7aac77f20608bf60986d3b3463
models/birdset_strict_5shot_pcen_bn_head_seed_2026/info.json,845,32d4a4b69e9d85ad5e8c4b7ea60a342c57c86e2b4d8dbe843ada77531cb9467f
models/birdset_strict_5shot_pcen_bn_head_seed_2026/info.log,986,55bd51c8eb80dc8abd0a8e61d14aabc069e35680f10face96c0eb050c812b70e
models/birdset_strict_5shot_pcen_bn_head_seed_2026/parity.log,1368,1842359f7a008ef59549a1880f1614a40724298a506bcf77a854f2b2046741dc
models/birdset_strict_5shot_pcen_bn_head_seed_2026/parity_predictions.csv,2609,2961bb3f5685f3e62c8f87c07644de8eab5236dafc70c799c9ee87f845e9a4de
models/birdset_strict_5shot_pcen_bn_head_seed_2026/predictions.csv,2967,99895542c9649420627004dbf1bfb5ce73d6b44ee6c70271d52e4275bf686407
models/birdset_strict_5shot_pcen_bn_head_seed_2026/status.json,2235,e10d6b1842d2693258bcd71cf32f3d7f78a9746592a526e6ea56ed444aa3e6ae
models/birdset_strict_5shot_pcen_bn_head_seed_42/audio_sweep.log,1425,bb3d55d420649c2602fe51dc7e6f6ffea0fe9f6ca97ec7d4d614b150903786d2
models/birdset_strict_5shot_pcen_bn_head_seed_42/flash.log,2016,cdd65b77715cd96502566e48cc48066d306c29060b3e03d088668ba81063fc90
models/birdset_strict_5shot_pcen_bn_head_seed_42/info.json,843,275b14ca251a631d65571848754c1a88e484c2272390b816ed99c9337cd3e229
models/birdset_strict_5shot_pcen_bn_head_seed_42/info.log,984,d2c056678784a9931cd4eae061f0e078fdb19436b70273237a99678c7ade0a14
models/birdset_strict_5shot_pcen_bn_head_seed_42/parity.log,1362,1d2c11ee56efa19f9343d6f4b120e134d08e89498630ea8a9f5a0ed37bc20dd1
models/birdset_strict_5shot_pcen_bn_head_seed_42/parity_predictions.csv,2637,d0579fbe250ce53f5d6178da6f856ab1857e550d5f383c32c02d92cbd9c68881
models/birdset_strict_5shot_pcen_bn_head_seed_42/predictions.csv,2995,495565949e1b1ad0fb1b14b7e40413511b467b92dbfb86742173e8f9ad567be6
models/birdset_strict_5shot_pcen_bn_head_seed_42/status.json,2233,eeb43f119f673a636964c5b57846d5e5a5dfc23487990fb9287af949997dca0f
models/db3v_strict_10shot_logmel_head_only_seed_123/audio_sweep.log,1413,e83a250e3b58dd540a286f71b974d077beb2c4f718fdff1ae5d69527df498f66
models/db3v_strict_10shot_logmel_head_only_seed_123/flash.log,2079,a6341e92b7948658c92c2a12e895861a10c6758b9aca176722d600760ab5c079
models/db3v_strict_10shot_logmel_head_only_seed_123/info.json,845,1309ed08715120b813a1501c66586a3a3a86b0b927d141f210fb000f41de592e
models/db3v_strict_10shot_logmel_head_only_seed_123/info.log,986,abed853505865c065c409963abd984c299e8b89bb48b1b482b1be544b8008dd8
models/db3v_strict_10shot_logmel_head_only_seed_123/parity.log,1368,05e60b2c87f26aaf20f47375aca2545044131fb290cf1969ec9243f9a21f5d74
models/db3v_strict_10shot_logmel_head_only_seed_123/parity_predictions.csv,2739,5ae4df6d7e236c1626de090634c0903acb18ac91e785bbc8dbe0c49127d28a98
models/db3v_strict_10shot_logmel_head_only_seed_123/predictions.csv,3007,1089fb8b64ebbcb0cfe7a0569d52441234011a8190cdc8d7552e5903996e3298
models/db3v_strict_10shot_logmel_head_only_seed_123/status.json,2233,ed040b10843821770a8c1790c6ac523eb9dfeb68ee724584919f8d209146c757
models/db3v_strict_10shot_logmel_head_only_seed_2026/audio_sweep.log,1415,ca34194ad4948a665a9bef205d124c478b18e86326a3141680d19f6faf76cdea
models/db3v_strict_10shot_logmel_head_only_seed_2026/flash.log,2082,0ee10f7fdbfc69aed27f6408d94f77d5b391cf1f2e3a5a03f01cd1079a582254
models/db3v_strict_10shot_logmel_head_only_seed_2026/info.json,846,f5ad7de60f2bf286a4063a949c27a40cebc142a0cc526e3dbcc450f9c2f4c46c
models/db3v_strict_10shot_logmel_head_only_seed_2026/info.log,987,29f78abebfb719c22fec6712cc258aff9a98dc7bd808bd3048ca437f23c839ce
models/db3v_strict_10shot_logmel_head_only_seed_2026/parity.log,1371,3c407e816ad33e4b96ef2b4384bc5a70dc0f017242df5029f7fa3cab95da6ff7
models/db3v_strict_10shot_logmel_head_only_seed_2026/parity_predictions.csv,2709,4024c5ecdb78573bd74c109962958ebf478214116d9b234ff4aae6e775bab5f9
models/db3v_strict_10shot_logmel_head_only_seed_2026/predictions.csv,3008,f35a462c2668be69fa301219e26b0035eb7ee9ac1d350fff2976057ef906cb55
models/db3v_strict_10shot_logmel_head_only_seed_2026/status.json,2238,a1fff0512d9671de758e7ac2a805c06dba49010eca88761661e8449a1feb0e4d
models/db3v_strict_10shot_logmel_head_only_seed_42/audio_sweep.log,1415,037736c078ca0c8bda883c64be90d5308963065557d6dccb5d31cdb1bc860bf9
models/db3v_strict_10shot_logmel_head_only_seed_42/flash.log,2076,9553be1696601c703803c02c5faa4ca51e092b2b2238e963207e0040026c54ac
models/db3v_strict_10shot_logmel_head_only_seed_42/info.json,844,8a7fdce789ddf1b5f511cc795f3ab35ee9980bbb749927cebcaa20a355bae109
models/db3v_strict_10shot_logmel_head_only_seed_42/info.log,985,c86fdb35b1d237c218624d4a60f3b0d1c68a50ff95cfd76ce2edf1fcb30ac634
models/db3v_strict_10shot_logmel_head_only_seed_42/parity.log,1365,bd0923c3a758f7c08f78b46c54e445c69e1af355d83652a1fc75972e34c56ceb
models/db3v_strict_10shot_logmel_head_only_seed_42/parity_predictions.csv,2699,532e6576ac1b72aabc1200b6e1372b42bb2e17dc5be83382943150b805a0e4cb
models/db3v_strict_10shot_logmel_head_only_seed_42/predictions.csv,3002,549d25fa9d9b12c80d4ee60bd6e9b2cf4f408be08ec51143c2ec05e1c5cbc1ad
models/db3v_strict_10shot_logmel_head_only_seed_42/status.json,2221,5f57fdd135875003af2fb5f73a3e6cf26576e8f7698468e5da37cc3932c22669
models/db3v_strict_10shot_mfcc_head_only_seed_123/audio_sweep.log,1423,14bff6a9e56236b987ec730d8d53e97ecaa5364ed96aaa4c21c74244c0e970af
models/db3v_strict_10shot_mfcc_head_only_seed_123/flash.log,2013,3209b9ec0c44c518e655dc8720e0a189c3579e3dfd658c2a6ec7ecc88e37b242
models/db3v_strict_10shot_mfcc_head_only_seed_123/info.json,838,a115e8b058e91f6f9ed3bef52e497ffd0d0e6a9e8a0f70a5eaa98b56296a1364
models/db3v_strict_10shot_mfcc_head_only_seed_123/info.log,979,2a7713cf3552d6aa2c0014ae25111343a2d4f3e6dc16fe602646f4415cb60b78
models/db3v_strict_10shot_mfcc_head_only_seed_123/parity.log,1356,288751d9fb90a248be211837bf8ebab4cd06fdfb2130074e98f48b71bf9b7832
models/db3v_strict_10shot_mfcc_head_only_seed_123/parity_predictions.csv,2503,5b085713f5291853e95d0fc6ada1df4ea1369a3560d5f963d658f49c99aae6e9
models/db3v_strict_10shot_mfcc_head_only_seed_123/predictions.csv,2971,d073411ee5b86ee15addb9453a3ede1310af3bc3d28f7a8afcf32dbbbcbd0690
models/db3v_strict_10shot_mfcc_head_only_seed_123/status.json,2235,fd14a007ce6637ef91ad0c5fded62e6d21a8c80a334214472c9808f69945c0a1
models/db3v_strict_10shot_mfcc_head_only_seed_2026/audio_sweep.log,1425,38d17afe40114af8c1711081e6368fcb712081c5927b6cce6a0cabdf131cdefd
models/db3v_strict_10shot_mfcc_head_only_seed_2026/flash.log,2016,a6543c52de62bd88323b64558ce1b0a4127890f6a5365ac8f591458133e38b01
models/db3v_strict_10shot_mfcc_head_only_seed_2026/info.json,839,3f09895151fcce4489746d5343a5ef309fc13b3e16f0f08950853920f271fb14
models/db3v_strict_10shot_mfcc_head_only_seed_2026/info.log,980,19e4273b5c9b962b5b217a70ea02189f76ee30c880e54bfa8f5d464d37edae9f
models/db3v_strict_10shot_mfcc_head_only_seed_2026/parity.log,1359,ca5987e03db8679f2853424ffca0e9807e49f1a439e7f81b562091cf4d46aaa0
models/db3v_strict_10shot_mfcc_head_only_seed_2026/parity_predictions.csv,2551,4864b0281af55c2996a3ea61a2aa693fbb9d42bb2e2b717625a3bcf8f59f1779
models/db3v_strict_10shot_mfcc_head_only_seed_2026/predictions.csv,2964,f434bb0714bfe43a1dadaeb82acc2bccec21703d9d0d89ca715f6ce5163ef52d
models/db3v_strict_10shot_mfcc_head_only_seed_2026/status.json,2236,9a135af9682f09716d97fe77531a2c448ca65cb1155bbf36108147f13b45d809
models/db3v_strict_10shot_mfcc_head_only_seed_42/audio_sweep.log,1427,c1ffea87737d64238c8a6feea33dc7516dcfe6cd8ae321a66f56f95b11f04738
models/db3v_strict_10shot_mfcc_head_only_seed_42/flash.log,2010,6feda7910be2bd678d57275be5f5425cb19f12298776a57312942d6520b63126
models/db3v_strict_10shot_mfcc_head_only_seed_42/info.json,837,4ee1e9e7da0530f18c091b15becb0618ee85e70fcff93543e038473a17295837
models/db3v_strict_10shot_mfcc_head_only_seed_42/info.log,978,4b15d31301397af43ea9dd63469fa03002e55fd906f71a1cbb2f26a492c59aba
models/db3v_strict_10shot_mfcc_head_only_seed_42/parity.log,1353,7ac80a1c20856e9aaef6ef33c5840e7f7d6cd8088ac7f014a9f24fe59255f7eb
models/db3v_strict_10shot_mfcc_head_only_seed_42/parity_predictions.csv,2493,f566c2c5aad2cd68dcf4ef6c452e160dadcf677ceac543711394bd616ef91215
models/db3v_strict_10shot_mfcc_head_only_seed_42/predictions.csv,2972,f36165c041a1e7bdc27ff702e2a7e6d5109c3072a6e71d349532dc9dab9df40d
models/db3v_strict_10shot_mfcc_head_only_seed_42/status.json,2234,f890fea101c0693d15f4599e79a087f92805712f5fe1a241cb9c9af4f7a46441
models/db3v_strict_10shot_pcen_head_only_seed_123/audio_sweep.log,1427,8066b11fe9c91a6e940bd65f5e45ee21a321ff4fa14b1e9cebd1aaf90797d459
models/db3v_strict_10shot_pcen_head_only_seed_123/flash.log,2013,36a32e137f25ad367bb31f9d003887c77d5b1801a1e13d40898472c9fb1a5129
models/db3v_strict_10shot_pcen_head_only_seed_123/info.json,844,99887c6b6d918a05a0f2c3f55394e7d998bfd3ed43e563ac47a1d8709c175b48
models/db3v_strict_10shot_pcen_head_only_seed_123/info.log,985,b7a9699aef6130e9f1506f01f7ed1310de48b70305b6ed0bf7c36e091a41944e
models/db3v_strict_10shot_pcen_head_only_seed_123/parity.log,1362,49babb4ded0635bf7b01b13b555765b783bf8cdaf8b872a470c14afe404c6f55
models/db3v_strict_10shot_pcen_head_only_seed_123/parity_predictions.csv,2621,8cae799f65fbff2c0c648d1cb0a51f7af32228999664efce521665d6f9a07b39
models/db3v_strict_10shot_pcen_head_only_seed_123/predictions.csv,2995,1f110ad60cee1fa63ee5f1ae7e9cb444add24458f20195c9233e64032aa9db59
models/db3v_strict_10shot_pcen_head_only_seed_123/status.json,2222,ed0c3e5f70e0f0857e79c2d97e725e75f1e892525f8975a8aeba16e5e366be10
models/db3v_strict_10shot_pcen_head_only_seed_2026/audio_sweep.log,1429,162454d7cdb4229e3d543177fc645a42ab1d5e5cbc3feeda62bd519b1420c2fb
models/db3v_strict_10shot_pcen_head_only_seed_2026/flash.log,2016,7d5983bf0b5890e775b59992d76507c90715ce2d864a1cca95641efedae0e10b
models/db3v_strict_10shot_pcen_head_only_seed_2026/info.json,845,54b2417bdb2d2ec8fc54345d4f58bc0af0b0ed786705e5b62c66a7a849e0957e
models/db3v_strict_10shot_pcen_head_only_seed_2026/info.log,986,4624574d56b3342844c0fb77d25a7e35d3dd926a4856dc751f568135617b018d
models/db3v_strict_10shot_pcen_head_only_seed_2026/parity.log,1365,32145298538a476a14f1d28aaf0ef3370e47289aba0b28f37399915b8e0a5235
models/db3v_strict_10shot_pcen_head_only_seed_2026/parity_predictions.csv,2653,686266416781249905a93f41eeb0a48ba495552c0b6ae2553393e9f26526d4e6
models/db3v_strict_10shot_pcen_head_only_seed_2026/predictions.csv,3005,23f1fd8a126a1c068e6ee87dac398c1f49ae4db7590f393a242074ab146277b8
models/db3v_strict_10shot_pcen_head_only_seed_2026/status.json,2223,f9c99b746cf4a9a4db6169a0372bab122b715e75b55633ea6e120ba29ee76254
models/db3v_strict_10shot_pcen_head_only_seed_42/audio_sweep.log,1425,916c9c4102b7bdab68897453559b8ca28c9c7bad7fcf92c18014b3d81e2c9e90
models/db3v_strict_10shot_pcen_head_only_seed_42/flash.log,2010,23a1573b2e1b722868e46c8859c7320aedcd8d886ab65ff69a6bfad1a0909fcc
models/db3v_strict_10shot_pcen_head_only_seed_42/info.json,843,77db6072348368f87c20bf3b2a0bc065b003a31eab6c1c0e402258d6081ceb09
models/db3v_strict_10shot_pcen_head_only_seed_42/info.log,984,5c899f75c93e7d26285108b744a2a5103f0d997880075c14351965b4fdba8d8f
models/db3v_strict_10shot_pcen_head_only_seed_42/parity.log,1359,00ec1d8ab4d65914c156acd684e6d6a9c37af34ff2bbbb86eb0be777693eec84
models/db3v_strict_10shot_pcen_head_only_seed_42/parity_predictions.csv,2597,0a8aeed3b450455c9dc7f95766b57ee0f808cab013ba3633c0bd719f42161e8d
models/db3v_strict_10shot_pcen_head_only_seed_42/predictions.csv,2997,30fcf43e163e3f22878996bebddcc169af8b86bba165208e21adc593dfab7ba9
models/db3v_strict_10shot_pcen_head_only_seed_42/status.json,2221,2923c34050d00495f5866da7803f24c7f792da53c51c0b5f2f64e156ab7e3aaa
models/db3v_strict_20shot_logmel_bn_head_replay_seed_123/audio_sweep.log,1432,64ea456f2b7aec3342724f1309788a3aeff036f93aecb4aa4cf4648fcda6f561
models/db3v_strict_20shot_logmel_bn_head_replay_seed_123/flash.log,2094,0c5ec79ad13c9b610018e1966e089bbfd0ea12a65d3bafe9d9a166e9e68168b6
models/db3v_strict_20shot_logmel_bn_head_replay_seed_123/info.json,844,a204abd3c2502ae18a53045a7879c6c7a49cf35145738c9d6d5f4b6221ce3479
models/db3v_strict_20shot_logmel_bn_head_replay_seed_123/info.log,985,18c2e72ac8927ac8c0f177ce1af53cc2e46e2708ff9167e1775a8fd64aba41ff
models/db3v_strict_20shot_logmel_bn_head_replay_seed_123/parity.log,1383,da8eb9018ac4aac108f2cea48355cbf3330811f0309d431264925c741d64f1c0
models/db3v_strict_20shot_logmel_bn_head_replay_seed_123/parity_predictions.csv,2733,954d91fe8fa600546f7e89abab99d05fb5549399b537bb50d5686cedf713caeb
models/db3v_strict_20shot_logmel_bn_head_replay_seed_123/predictions.csv,2999,7ed9c4703da5a7032532d738f080fe91483dcd184a259a463c03d7b830a38233
models/db3v_strict_20shot_logmel_bn_head_replay_seed_123/status.json,2241,43ff8e4f818cbd37ce994167e6b0f996c7fd737a2485700a73a4f4fd92161235
models/db3v_strict_20shot_logmel_bn_head_replay_seed_2026/audio_sweep.log,1434,fd6d59d5fef96d6deed50ac3b89488499f8e11710650d23f69bf3ba35c604565
models/db3v_strict_20shot_logmel_bn_head_replay_seed_2026/flash.log,2097,2a8bb0c79f026291415911452b02e04ecd380b7c7354d13cc48ecf75d6e50293
models/db3v_strict_20shot_logmel_bn_head_replay_seed_2026/info.json,844,4152ba18c9a380abfbc2f932f9cd9a7ff13abcd9d11fd36b27e456ef04d10adf
models/db3v_strict_20shot_logmel_bn_head_replay_seed_2026/info.log,985,16c4395530bc6e552906c6f56385b138ae8249cc5501e9b72414fbade8bf02c2
models/db3v_strict_20shot_logmel_bn_head_replay_seed_2026/parity.log,1386,045e3ec7616b627511e3ae3f9f47ead98c92949073c3dbc8b3761284065f4506
models/db3v_strict_20shot_logmel_bn_head_replay_seed_2026/parity_predictions.csv,2679,2268a7f7889000cb0d01b0af3f0dff1fc694d66c391d248a6410766fa99d2c31
models/db3v_strict_20shot_logmel_bn_head_replay_seed_2026/predictions.csv,3021,a2b9054388620a414f32b6dc0f0271f34155c710ce5b4085493a0ade1badc895
models/db3v_strict_20shot_logmel_bn_head_replay_seed_2026/status.json,2242,dc83702cb700c32b8ab74457e7a350cf4d733cd4d3a919469d2203028dd8e9fe
models/db3v_strict_20shot_logmel_bn_head_replay_seed_42/audio_sweep.log,1425,6ff97f053fb65e53b0e851ae98366aca90558bb7cde8487b753cf042bc248bc2
models/db3v_strict_20shot_logmel_bn_head_replay_seed_42/flash.log,2091,32604de13c4d3d583d9ec31285b0b5a33557f56bdffbe4233a298f33dcdbb126
models/db3v_strict_20shot_logmel_bn_head_replay_seed_42/info.json,844,912d8d6732c28a5753591efaf04e084dc21b69707692da6b4e26b9869fd33989
models/db3v_strict_20shot_logmel_bn_head_replay_seed_42/info.log,985,98882579bdecb00704f036b66ef2613945d0169dcb8e879f2e7f401420b5569e
models/db3v_strict_20shot_logmel_bn_head_replay_seed_42/parity.log,1380,15e367d18c6b3afd14356f55c5e63bbaf8060a66fec8acdac789ca3ece9a1049
models/db3v_strict_20shot_logmel_bn_head_replay_seed_42/parity_predictions.csv,2689,54fd2b4d84842a01486087d140b9f5af0315be7945522e5e872ab754b2ea7095
models/db3v_strict_20shot_logmel_bn_head_replay_seed_42/predictions.csv,2997,d96c6b245626c710566225bdd35206364ce7286d1b3f8e27b781493964bb249d
models/db3v_strict_20shot_logmel_bn_head_replay_seed_42/status.json,2225,b260747e9f4416d17ffd57aaf8598a4a3681fc3f7523d4acffe57297ed264a25
models/db3v_strict_20shot_mfcc_bn_head_replay_seed_123/audio_sweep.log,1431,3930d4e68d3c9d960050b6215f0a664b8f8215c2d493faf6f38f27527b3b1e01
models/db3v_strict_20shot_mfcc_bn_head_replay_seed_123/flash.log,2086,b3a786a284ddb18b56732510f089d123f4c757cf68aca02ad9031e8b7da997d0
models/db3v_strict_20shot_mfcc_bn_head_replay_seed_123/info.json,843,bd2c32c833d147ee646bc125c56dbfbe0e0c3165048cf426fe2a3aed703663a5
models/db3v_strict_20shot_mfcc_bn_head_replay_seed_123/info.log,984,b384247e4d758040915beaf772652749edba00e519414ce3ed968edd238f5cd4
models/db3v_strict_20shot_mfcc_bn_head_replay_seed_123/parity.log,1371,77ff30c853adc9dad976e181070065413cf895a2f61f5381a142ef2f2aeea8ce
models/db3v_strict_20shot_mfcc_bn_head_replay_seed_123/parity_predictions.csv,2549,6698acfb7d100b6bab0c0a069d370d1599850876530d270d331fff70d32c7f08
models/db3v_strict_20shot_mfcc_bn_head_replay_seed_123/predictions.csv,2972,dd316b892525cff636a384d062ad5ed1ab8b1f8b0093ad61cfc0e426ee36cae5
models/db3v_strict_20shot_mfcc_bn_head_replay_seed_123/status.json,2222,bfa92fa2242d612a9925c7ea53acc701db3e1634c10ff7ef8ef529d8bc54d20d
models/db3v_strict_20shot_mfcc_bn_head_replay_seed_2026/audio_sweep.log,1428,0b82542cce465f331efc24d155e16da2a3346bf10dadb70c589d6bcb217d643f
models/db3v_strict_20shot_mfcc_bn_head_replay_seed_2026/flash.log,2031,010ee37a8ef3cf6bfef8bea7ff48d1894cd73cea73c61835b2e28bd8b6b85125
models/db3v_strict_20shot_mfcc_bn_head_replay_seed_2026/info.json,839,78074f7f686c3d82466ede1765094d5e1ee6644733829743d77b4dbeb00979ea
models/db3v_strict_20shot_mfcc_bn_head_replay_seed_2026/info.log,980,cfc23a5d56e4479acddf54e336f56026dfcfd6e524b88ac2dfbf271169ed9c70
models/db3v_strict_20shot_mfcc_bn_head_replay_seed_2026/parity.log,1374,0517b913803d8c303c01c94b43cfda8bcde7c3ecd2c39063d28c588ae80cd5d5
models/db3v_strict_20shot_mfcc_bn_head_replay_seed_2026/parity_predictions.csv,2567,08995ba6e21b0d0df76bd876b9a93303260117203d40a81f4e54634e24ccafee
models/db3v_strict_20shot_mfcc_bn_head_replay_seed_2026/predictions.csv,2966,af64c5017ea180c6ebc5cc7802d53497625d35d1b6809f132232fcdd28afe633
models/db3v_strict_20shot_mfcc_bn_head_replay_seed_2026/status.json,2226,7a96653b4e469456754628543e82f2e45de748fefd90a8ca293ab75f2b14b20d
models/db3v_strict_20shot_mfcc_bn_head_replay_seed_42/audio_sweep.log,1429,2778296af6e49a92d12d5e8d651ed3d78e7518298e6f4d1568a5078def9559a7
models/db3v_strict_20shot_mfcc_bn_head_replay_seed_42/flash.log,2083,f119fab938ad9595ec605ac011518501325e5d3ceaa344d02ee7de3ead06bea5
models/db3v_strict_20shot_mfcc_bn_head_replay_seed_42/info.json,842,1856f1722aa3a80068ddb697233998a131482e2751bc94ee2fee7f8ca7f4b7f0
models/db3v_strict_20shot_mfcc_bn_head_replay_seed_42/info.log,983,8c398a0f59c5d3d5a10d36db6746cca2bbaa6034fab2c6242ae209bb2bc992dd
models/db3v_strict_20shot_mfcc_bn_head_replay_seed_42/parity.log,1368,3e34169e2e6c03bbf67b44f538a9f4aa6d12c385b70b711028e20dd39f519321
models/db3v_strict_20shot_mfcc_bn_head_replay_seed_42/parity_predictions.csv,2561,44aaccc3bf53b0be4d06c3d4fa5f2bf34e56d92b89324a44b0662b16dcb6e979
models/db3v_strict_20shot_mfcc_bn_head_replay_seed_42/predictions.csv,2988,be29cccf2926869243eab140085d085aad727f65a6c0a0335c6385d9fc05bb3d
models/db3v_strict_20shot_mfcc_bn_head_replay_seed_42/status.json,2221,202da8f3072a364c44835e0c3b9b46f31e1874cc43c1c5b57528d67f591d56b3
models/db3v_strict_20shot_pcen_full_seed_123/audio_sweep.log,1413,b48ccc87a2f6b915be889ca12aacee159160c65acb5f66d8da2fd7f20a2d4981
models/db3v_strict_20shot_pcen_full_seed_123/flash.log,1998,7ca6e833dfc8a14c3d6aa4da6ed3a831212aa8011f0be2baa66354edc5158143
models/db3v_strict_20shot_pcen_full_seed_123/info.json,839,1d100ab180ca437c7e73fb288216c5c677c01bab80b2d82b3f2e1a69855accef
models/db3v_strict_20shot_pcen_full_seed_123/info.log,980,09f50776fdb48841e497fe5e0afda2b9c85666c8f58cf34ad8c407e4e6fa7707
models/db3v_strict_20shot_pcen_full_seed_123/parity.log,1347,5f35eb16c388bc093da4723aa58902c21a4228b003d8c9625e59148c6940840a
models/db3v_strict_20shot_pcen_full_seed_123/parity_predictions.csv,2659,dfb038155d643e95da9ec820c1a82a0e94e8c8041da3312774dc894413dd6fed
models/db3v_strict_20shot_pcen_full_seed_123/predictions.csv,2978,79a7e464ba3ec9c3e725cc70f7675fe6c0fffc708973f362b4682b2c39637731
models/db3v_strict_20shot_pcen_full_seed_123/status.json,2219,22ddd83414b85559bd92c119975d98188cd4c306b8a7f529219c106a266c4ccc
models/db3v_strict_20shot_pcen_full_seed_2026/audio_sweep.log,1416,d75a80927f2b1cb1e983e020d3eeb08fa635394e1efe1abe05b155ec8cfab384
models/db3v_strict_20shot_pcen_full_seed_2026/flash.log,2001,5328d2174b1662b8ae3322b1429991516ff5b4b2a2349775fa51efec88412ee3
models/db3v_strict_20shot_pcen_full_seed_2026/info.json,840,3f3e41b7507926b788df42bc2a5180de042edf2daae1317faee84a0159fd8bfa
models/db3v_strict_20shot_pcen_full_seed_2026/info.log,981,6457055ba5409f6650098d04958e0f9ca04f0633ac9a2031e5e86db9ddef01ab
models/db3v_strict_20shot_pcen_full_seed_2026/parity.log,1350,5b2ac61252c200e367a22f4cfa7692c632f884a13a9d67208759ad4478f14c46
models/db3v_strict_20shot_pcen_full_seed_2026/parity_predictions.csv,2701,5926aab2f6f95c78e5eacf6c2f9bcb8e766753c2a4504511fd5590edeb780385
models/db3v_strict_20shot_pcen_full_seed_2026/predictions.csv,3000,91fff2af824c79c6b752d48dd9a56878b41f978fb05920321bf0c16ce558adc6
models/db3v_strict_20shot_pcen_full_seed_2026/status.json,2231,0be5aa1057fdd8d2f65df331975269fc95c9ed5b62cb57d51a72f327161702aa
models/db3v_strict_20shot_pcen_full_seed_42/audio_sweep.log,1411,64d11b3aaf7ab007001fa30746f91b9582d19afaabc578245a06f1504741a6ee
models/db3v_strict_20shot_pcen_full_seed_42/flash.log,1995,e08fa206a417379f198db069ee59ee0e0958f089b4447efe722502d4ea187416
models/db3v_strict_20shot_pcen_full_seed_42/info.json,838,4e774369d559d968bd5c7caeb01bb12611dbcb4bd1dd8c98dc0ad99d0d8ccae7
models/db3v_strict_20shot_pcen_full_seed_42/info.log,979,aae330dd1626c64de37a18330311f685c7ccd12b277763dc3d5ff8ce89d454e0
models/db3v_strict_20shot_pcen_full_seed_42/parity.log,1344,b5c496e48c0438b6623523464bcf2987720daddf7e5338c166de842baec3f5b3
models/db3v_strict_20shot_pcen_full_seed_42/parity_predictions.csv,2677,dfeb5ade551372540e5de69e3b2ff5ee3793331e7aeedbd63b88c34d86932f63
models/db3v_strict_20shot_pcen_full_seed_42/predictions.csv,3006,a76ea17dacee73276dd1207c3fce51de145aa8021e157e5f43277f7282ceb281
models/db3v_strict_20shot_pcen_full_seed_42/status.json,1732,f891755aa4d25d3240d081f2b8f7286d62cda479e3391ec61fcbd4d0db1079b7
models/db3v_strict_5shot_logmel_head_only_seed_123/audio_sweep.log,1415,da34970570e35617fa975741b98646afd34a1e056c57dc1ec1f558210bdc1809
models/db3v_strict_5shot_logmel_head_only_seed_123/flash.log,2076,348395e1666be6637b26b49d03d9eaf50655f88e2d30285189ccf8a6d4e832fd
models/db3v_strict_5shot_logmel_head_only_seed_123/info.json,844,46e01eb2e2affb6ed7fdf99e5cbc74536c1c114ff333ec65da32ab1f268e6dbe
models/db3v_strict_5shot_logmel_head_only_seed_123/info.log,985,e3d4351293ed561e7f0deb5a33c62723c52d25de681eb443676dae8a8a332d22
models/db3v_strict_5shot_logmel_head_only_seed_123/parity.log,1365,56af24b2bc3c9e4a789c0805f4988f36e25418c9c2621c3ff773fcdf90922aed
models/db3v_strict_5shot_logmel_head_only_seed_123/parity_predictions.csv,2633,598f680069fe7b99bb8918cbc4c1704d8187b3bae8901800f25b823eeac7a57a
models/db3v_strict_5shot_logmel_head_only_seed_123/predictions.csv,2971,10201990d8b9407dc6a7428c71a6327b4049b37ea7e0c02c37aa4b3d85366379
models/db3v_strict_5shot_logmel_head_only_seed_123/status.json,2222,ea5151a1382efc02ab9f19fe80cdbf42c9a8a3d96843b75f88d31edb2815ad20
models/db3v_strict_5shot_logmel_head_only_seed_2026/audio_sweep.log,1412,45507b6eb8ca955c7496f71de625cbb857177108186e6eff4c508a30040f7924
models/db3v_strict_5shot_logmel_head_only_seed_2026/flash.log,2079,64b39400433ccf11334a61221d9660b9cc724431fdfafed578e50c21dddfe00c
models/db3v_strict_5shot_logmel_head_only_seed_2026/info.json,845,7dc9c825f640e3e172f21293e4dff0dca46a2037598fa12919b0ef92ccd94340
models/db3v_strict_5shot_logmel_head_only_seed_2026/info.log,986,b5dfd00d1e4cf77eea3e109f1025ebdbac30328a7961af3c84b50c20516dac38
models/db3v_strict_5shot_logmel_head_only_seed_2026/parity.log,1368,2521b2d53b24187934c84cc1ca10dfe32c539ccdb99c434b94298e0583851415
models/db3v_strict_5shot_logmel_head_only_seed_2026/parity_predictions.csv,2671,d71167f34f71eb5817ac01c13d138eeab2075ebcd5e2d82b7ebd2cef7fb976be
models/db3v_strict_5shot_logmel_head_only_seed_2026/predictions.csv,2990,f7d9c040530e629239afc89342c6b8b2c7d3a63ae83aed8d88090137dbbc06f4
models/db3v_strict_5shot_logmel_head_only_seed_2026/status.json,2237,853788c147c3c9c07b493789cb21521205888f55052dec9a8cbf274d6650b3e5
models/db3v_strict_5shot_logmel_head_only_seed_42/audio_sweep.log,1410,5e70d3bef3d5d326b2f5804e9341dc8d941a22345a53075f8f681104422239ff
models/db3v_strict_5shot_logmel_head_only_seed_42/flash.log,2073,4bf9c5771ec5a3f85d1aeeeae57586afcdb380b26c436ed612645938197e9040
models/db3v_strict_5shot_logmel_head_only_seed_42/info.json,843,04ce1f2918e94e3e796e86ee7ffffd669ca392e8c5ff195896fb1e4331f3894d
models/db3v_strict_5shot_logmel_head_only_seed_42/info.log,984,cf1d3f85776dd0e1e29e89f9a40039459a7c756014a5876eb4d09cc6c0d7ab88
models/db3v_strict_5shot_logmel_head_only_seed_42/parity.log,1362,d4bc4f69a448cd15bdfbab7f360a027eb5a2f58575bf26660cfc793dc6293194
models/db3v_strict_5shot_logmel_head_only_seed_42/parity_predictions.csv,2665,950e2d4134f9fe8f47f485d0cde37342a9dbb938593295fdf9be7fa8523ce2cc
models/db3v_strict_5shot_logmel_head_only_seed_42/predictions.csv,2967,bf86ff9528c67bc29f5aa949599f6f50177c93c2e39522aab404dfd7252fa82c
models/db3v_strict_5shot_logmel_head_only_seed_42/status.json,2221,b1d034434c22faae8162a4b28849c42ad10e5df24b3ffb6749c18888350fc40b
models/db3v_strict_5shot_mfcc_head_only_seed_123/audio_sweep.log,1421,2f4e50fbc430f8235a7728b475425bace843dffece4525ab7eef4ffc4a2427fa
models/db3v_strict_5shot_mfcc_head_only_seed_123/flash.log,2010,0a94616f61b66be5cf81663080bf7af120a5eef8786a92cb256516de0d352886
models/db3v_strict_5shot_mfcc_head_only_seed_123/info.json,837,28857bc568428fd694b2563230ba5600a4db34d1ebcba5fb129a6239a3d2748d
models/db3v_strict_5shot_mfcc_head_only_seed_123/info.log,978,14f360a2bd52441c49c6de08abd491faaab82d92d575bf0ac6bb70607ec4f273
models/db3v_strict_5shot_mfcc_head_only_seed_123/parity.log,1353,5340fa17c8d95aa2c311c38d16d60bae8857aa27772c0c1f1b6df7ee96d352fc
models/db3v_strict_5shot_mfcc_head_only_seed_123/parity_predictions.csv,2519,f9f227fea1107a6d1e7834f2a3146a7ce95f1fcc07e48bb019b1bbbe968878a7
models/db3v_strict_5shot_mfcc_head_only_seed_123/predictions.csv,2987,4f8ac41133ed236a8cdf652ab6beba8b6c9e9488a507e599966c935a851f04c6
models/db3v_strict_5shot_mfcc_head_only_seed_123/status.json,2234,9de4f675a5caa0fb2cc4878121a978c32a9dba23ce0e0424832b7bb1d15b4065
models/db3v_strict_5shot_mfcc_head_only_seed_2026/audio_sweep.log,1423,f8c24280bd98c423624ca9d3c06119192547688ff3b8a1170faff204559dd088
models/db3v_strict_5shot_mfcc_head_only_seed_2026/flash.log,2013,93a5d8771e74d98f8b1759bfa45234eabc419fff10b1543f58233201eed2c87a
models/db3v_strict_5shot_mfcc_head_only_seed_2026/info.json,838,fc5addc66117f97ade9895d953cc6d4d200f6fee66dca7bc4c58be61772bca23
models/db3v_strict_5shot_mfcc_head_only_seed_2026/info.log,979,48923eaf8871c2e338dbbe53916b2a473858165bf2607025757d7c1d5a51557d
models/db3v_strict_5shot_mfcc_head_only_seed_2026/parity.log,1356,1cce4432fddad7dc37a874fa1bda6445bfecf6915f991bafef7fd53da9af23ea
models/db3v_strict_5shot_mfcc_head_only_seed_2026/parity_predictions.csv,2465,d28e2b07cf0c6447787af46d51197ea9d69598d502d72af83888cf0b52ea201c
models/db3v_strict_5shot_mfcc_head_only_seed_2026/predictions.csv,2974,e7df1bf5856909198078daf0332c15f8592df705fc4b9667f8f64307a7a64ea8
models/db3v_strict_5shot_mfcc_head_only_seed_2026/status.json,2235,b37130d164ffb0a8ee5cf769234203536f11ec3b5bbf14dda2c19988711ba040
models/db3v_strict_5shot_mfcc_head_only_seed_42/audio_sweep.log,1419,13d728f17111e29a6d40b296e32b1ce1e62df4d6ab2fc48b9f0ad455362920b9
models/db3v_strict_5shot_mfcc_head_only_seed_42/flash.log,2007,f5e45b829ba746ee9f2642462ca739b3a2bf5f457bfed2634493145ca69e4bcb
models/db3v_strict_5shot_mfcc_head_only_seed_42/info.json,836,de853ccbf8bd6f6f847e00fc00dd83d676f928aa03ee79b1cc19322bb9816781
models/db3v_strict_5shot_mfcc_head_only_seed_42/info.log,977,c30b76f78a6599a1c351fa4eb6031d48091e0c1dd96d81bf706d1aeb000dee56
models/db3v_strict_5shot_mfcc_head_only_seed_42/parity.log,1350,da561db968d0ed34c02efbbbbf1ed0acd4881f2e7a615e1cdf15413a8513ee52
models/db3v_strict_5shot_mfcc_head_only_seed_42/parity_predictions.csv,2451,1bfa7c90b069db64619f578b093769380ec1fdbda377caf42597c59757e647ac
models/db3v_strict_5shot_mfcc_head_only_seed_42/predictions.csv,2980,c6290fc9d85fb138fdc6e86688a526762612bd0921e773eb24bfea1b18c23e67
models/db3v_strict_5shot_mfcc_head_only_seed_42/status.json,2233,26e786434a4ef221be5fa5b9240f9f815e8a48a835f53e80fa4cf0c619e1a33f
models/db3v_strict_5shot_pcen_bn_head_replay_seed_123/audio_sweep.log,1431,4bbcd04cabe0e27ac462d9e03fb7acd04dd6871726366c5dd05362173bec54cf
models/db3v_strict_5shot_pcen_bn_head_replay_seed_123/flash.log,2083,a0475728922d265ba371e66e146830fbb0247e43df63d9c3073bea424de03900
models/db3v_strict_5shot_pcen_bn_head_replay_seed_123/info.json,848,48f4895b02542da5918e47a1684f72f366de0409f52c3b183d806a6c31344e50
models/db3v_strict_5shot_pcen_bn_head_replay_seed_123/info.log,989,de25719519c329a0e5975d23b905133ce0d8c6dd1dfeecdb9b75be77a2a7d0b2
models/db3v_strict_5shot_pcen_bn_head_replay_seed_123/parity.log,1374,45491bd60caa3e7bf8edebcb608a954ba0a2a1556588eeeace298b3568ca5586
models/db3v_strict_5shot_pcen_bn_head_replay_seed_123/parity_predictions.csv,2639,c4baa83cf338c31ad07ab2521bd29741f061bbf01dad064ff3f6a1a555dca04a
models/db3v_strict_5shot_pcen_bn_head_replay_seed_123/predictions.csv,2994,9b04870cb8705fc78fefccafcc067b14ac4b88fe3527ab1e0eba67bd3aa388fa
models/db3v_strict_5shot_pcen_bn_head_replay_seed_123/status.json,2228,cf3a02562a971937d31f509dd0518a7bb14201c1d3a498368b87274e2f2d3c4d
models/db3v_strict_5shot_pcen_bn_head_replay_seed_2026/audio_sweep.log,1437,58124c104556871dbb94f20945ed5f2fed47fd7e846922213b6365d5b5c0a36b
models/db3v_strict_5shot_pcen_bn_head_replay_seed_2026/flash.log,2086,b7d0957544c7a92d3c99a90371858e0a1628beb8ac3637107069ae58b65a266a
models/db3v_strict_5shot_pcen_bn_head_replay_seed_2026/info.json,849,49a42fe5d723b198a4add963f81c0faddb50e62c33423f8fcf2076edb4cec751
models/db3v_strict_5shot_pcen_bn_head_replay_seed_2026/info.log,990,105214159403e518f5c265ca5a05df4f3968ccc856652cff43041a6d96f65fd6
models/db3v_strict_5shot_pcen_bn_head_replay_seed_2026/parity.log,1377,d9918b1d737713887990b3f8f707b4aad96766f14ebe2bb2de2396be5001b4d0
models/db3v_strict_5shot_pcen_bn_head_replay_seed_2026/parity_predictions.csv,2625,d298e27b277ab3f7974b3da310df5c235ae2de644d381d072177a80a6726b16f
models/db3v_strict_5shot_pcen_bn_head_replay_seed_2026/predictions.csv,2980,7ed0390a5fc52e5464c6b0445472b6e9ebc4a9a7e452a73bda2542aac3b86907
models/db3v_strict_5shot_pcen_bn_head_replay_seed_2026/status.json,2227,2040f6bd4ee6c8eaf604dd1f6691570c9f962cb805683286a292e2eeaca628c3
models/db3v_strict_5shot_pcen_bn_head_replay_seed_42/audio_sweep.log,1433,cc3e530dac3fe7b3312eb0f9468b3830d606698b0786a7540031e5d87e7b1966
models/db3v_strict_5shot_pcen_bn_head_replay_seed_42/flash.log,2022,40228f0ca8d89fbb988e7f58163c286a9094a1589af75e9e6f1f86ac966b200d
models/db3v_strict_5shot_pcen_bn_head_replay_seed_42/info.json,847,0c0cc3e398f7af936b750d46fc5257a5ebc2926266771516a5bfc1d9c9f19ea0
models/db3v_strict_5shot_pcen_bn_head_replay_seed_42/info.log,988,7a58caae0760866590cc7b671df2c649f173eb52ed3fb1e33435b6bb11667fa8
models/db3v_strict_5shot_pcen_bn_head_replay_seed_42/parity.log,1371,784f0b9a2f6fe517d4d197ec174c2d0c58ddb1f3848d4c7ff49eea94f9f39aa5
models/db3v_strict_5shot_pcen_bn_head_replay_seed_42/parity_predictions.csv,2609,2c9f93a45603576d5fb9c9fc0c395782fe6805feeaa85c2d0d5d0b962f661c72
models/db3v_strict_5shot_pcen_bn_head_replay_seed_42/predictions.csv,2991,5c38631ffec967bb33356d29b2c116bbccb6f2a3bcaeaba62e013e2a3b2e2031
models/db3v_strict_5shot_pcen_bn_head_replay_seed_42/status.json,2225,1decdf473ce63a9767a3c020db177dd02a7123c4342dcb189721251c9a3166d7
models/zero_shot_logmel/audio_sweep.log,1362,95e3c41919d59745bd2e73a7f9299e47a9a844701ac8f6b9bae63f4de93c0744
models/zero_shot_logmel/flash.log,2005,f1df6f1bdf09a540d8c495e5810f9e3b32caca9bf712c24fdaeebf70ad6be20d
models/zero_shot_logmel/info.json,817,87524f5b2ec2660681f42006b0cc740e42068559d1fdea0066ddd369ef3de184
models/zero_shot_logmel/info.log,958,6565898cde0134be5cb2abc42046615646b9eecc31dc9231949e9d378c2ca4d1
models/zero_shot_logmel/parity.log,1289,3eed461f3f858e881365aafb569c0703c21c6fb0cfb573fda0d1a21dab78e012
models/zero_shot_logmel/parity_predictions.csv,2635,0f53e9ea9c4564c4dd9947d529328916d92d438823f68779d4a1b4d59ab33e2a
models/zero_shot_logmel/predictions.csv,2977,0f7dddb7a44f245790987bd834105e701aef44f906a35dd4f5ad0db6ee532998
models/zero_shot_logmel/status.json,2209,b7de4277b0e377663469d251c2a0ada45d86aa2d519db9766dd4ec17b38e5c82
models/zero_shot_mfcc/audio_sweep.log,1363,225e65e8934bddb50e38a612b6788fb21ddad778e8387174cb974122f26c4336
models/zero_shot_mfcc/flash.log,1939,ea24925c89b5eee53676847a093d2fac96a4c4bdecf90d45990dabc379c1e942
models/zero_shot_mfcc/info.json,809,2ba24b1e3eb881beb9341b4711cbfca3c408de5c376213e2c3932834bfbadb84
models/zero_shot_mfcc/info.log,950,d6b2002238917825f64f47da5b8f8e02fd631b8baed229e45870559c81931295
models/zero_shot_mfcc/parity.log,1277,fa839c772dc7d2e265e2f21737c0d4e12fb150e8e8a90c2c6eb3fc4ca9930233
models/zero_shot_mfcc/parity_predictions.csv,2477,7bd86ac85ce5dff6f2b59749dfde54e4fad976e2d83125fc094330d1f1c8610a
models/zero_shot_mfcc/predictions.csv,2961,a418e453ede14f34a97d7b554113983f75c453b05748c5703cb5470795b11857
models/zero_shot_mfcc/status.json,2207,45c864487cfe100e5ce025911ed14a9125ebf6243b4b65e93c41f01df491cfb1
models/zero_shot_pcen/audio_sweep.log,1362,9ab7e4e4bdb308c51bb23ce50b6471d775e59155a41a99c6822fdb7458040500
models/zero_shot_pcen/flash.log,1939,c0b8c90c4214262cfdbb4a824a33161e26bef0542b79af4f205855759a616847
models/zero_shot_pcen/info.json,816,8d24d4ec0e4f73f6f8d4a4b4cf7d9c840ddcf33f4c9b0dd5a2982bb4536c8fd4
models/zero_shot_pcen/info.log,957,7e230740de8a5f09d7e0fd162a0f1a2630dc415c67beef4ac1fa9678fc4a430b
models/zero_shot_pcen/parity.log,1283,0aa7eef22cfb69db5ee5b693e530c008f8368ee67d84120d8009ae6252463560
models/zero_shot_pcen/parity_predictions.csv,2557,d6601101ae637ceeaf550d9b9098a5ceffa79ac078a54f27f47ae27fa09dac2f
models/zero_shot_pcen/predictions.csv,3001,9ee9767b6f8411e92cf69b879fc9cc46cfb06e897b062352392c11a9ccfbd184
models/zero_shot_pcen/status.json,2194,7dfa77ea52b4903a4c81f88da34710e5af80f634278aa935945d67c7cf2600c4
run_config.json,3865,e4abc2c43f3fcf6a9b25a8fc1b07cbbceec360c983dca7b68b7a26c45fde91ae
selected_manifest.csv,2775,d75eaa99dc686d573d68b229a0e31858abdd81be7d74fe52b4d42de1f57755ed
summary.csv,12808,c679b8d76c344ce05ca6fd9e068aaa675ea5ed412da25ce2cf6292b5393b1612
testset_validation.json,907,039ad50564c7ceeec4e5d0c8d64bc9176e9ebd9c277b4229981294818867c540
