sample_id,file,label,species,source_dataset,source_recording_id,start_sample,duration_samples,split,annotation_status,mixed_species,leakage_check,pcm_sha256,wav_sha256,tensor_scope,source_region,source_feature_index
xeno_val_1094099_s0000,audio/Agelaius_phoeniceus/xeno_val_1094099_s0000.wav,0,Agelaius_phoeniceus,Xeno-canto_validation,1094099,0,16000,board_test,source_label,unknown,unknown,749237f6362b92d63b377f56e26842218303ef1bebb927cb5a71a7bb927b17a2,2bbecfb384b5cd857c8f13dd650c7de66b35b7ab6c333af166f2cef7c8f5379e,xeno_validation,,48
xeno_val_142555_s0002,audio/Cardinalis_cardinalis/xeno_val_142555_s0002.wav,1,Cardinalis_cardinalis,Xeno-canto_validation,142555,32000,16000,board_test,source_label,unknown,unknown,71c1dd1f36ff00a8ccfbee8097f71fda1ca9b44ea50f665b203834601d51f17d,0d946bc7ebe751a04508adfac4409bf862c37017a931ed906f053296074b4c10,xeno_validation,,516
xeno_val_160053_s0003,audio/Certhia_americana/xeno_val_160053_s0003.wav,2,Certhia_americana,Xeno-canto_validation,160053,48000,16000,board_test,source_label,unknown,unknown,a8d96435cb8c6b4e3a801e765fb93cd14fec2839b94ba3bbeaeb95f46b6f580c,677866012749f04b956ce83dcf117d6e644c8d8bb1c928ce5bcd553d1da47ada,xeno_validation,,1012
xeno_val_639144_s0002,audio/Corvus_brachyrhynchos/xeno_val_639144_s0002.wav,3,Corvus_brachyrhynchos,Xeno-canto_validation,639144,32000,16000,board_test,source_label,unknown,unknown,debee987195cc3220b79d0fd5eb00057927a083d65131504e01ff1e2d3e75214,e924d02a93d3b41c024293b2a8fbef357bcc870d1c78a8bfc6e3135f385bbc07,xeno_validation,,1691
xeno_val_91789_s0003,audio/Setophaga_aestiva/xeno_val_91789_s0003.wav,4,Setophaga_aestiva,Xeno-canto_validation,91789,48000,16000,board_test,source_label,unknown,unknown,5e927280adacd97ebdbc9e760267c7a4127a45a6c5fdb1c89056b3b26e8e8e35,7708cbd1111df69074e8867a12aeecfccf1a436716d961d49e0c8e5dac1110ac,xeno_validation,,2248
xeno_val_372307_s0002,audio/Setophaga_ruticilla/xeno_val_372307_s0002.wav,5,Setophaga_ruticilla,Xeno-canto_validation,372307,32000,16000,board_test,source_label,unknown,unknown,8572c144007daed1973e61a4fbe8a8c85734146470248ccd20c400854fe18023,b5694aa887ea2fb005abb1aaeb15e102d07b60a18fe5f62f0b9cc2fe80a4d4f4,xeno_validation,,2576
xeno_val_454621_s0000,audio/Spinus_tristis/xeno_val_454621_s0000.wav,6,Spinus_tristis,Xeno-canto_validation,454621,0,16000,board_test,source_label,unknown,unknown,e9ef8dd387d375f386ca55ebd0427257f795ad6733a64ba25460d20be761f827,c184334a66c3570e46ca8bc85910d559ea4d3d302cc219a16f834b32b907822b,xeno_validation,,3021
xeno_val_1012677_s0006,audio/Turdus_migratorius/xeno_val_1012677_s0006.wav,7,Turdus_migratorius,Xeno-canto_validation,1012677,96000,16000,board_test,source_label,unknown,unknown,df0324bb780c2fdf2aa52a515573c1d129ce25ec1eefbf09e079e821f4487e2f,4014de60aeec163ce40b2f962e3b58d7b50ecb601f6d9b92d6cd08bbc488e713,xeno_validation,,3197
xeno_val_1094099_s0008,audio/Agelaius_phoeniceus/xeno_val_1094099_s0008.wav,0,Agelaius_phoeniceus,Xeno-canto_validation,1094099,128000,16000,board_test,source_label,unknown,unknown,f5c6833a495c1e98c42b8d54de1eb39103a0daec200f617aea35860a09cfefda,82256a2ecb6b77abf05c1422db84bcef427a8637d5fc7d923eb0148e16ab24e1,xeno_validation,,49
xeno_val_142555_s0005,audio/Cardinalis_cardinalis/xeno_val_142555_s0005.wav,1,Cardinalis_cardinalis,Xeno-canto_validation,142555,80000,16000,board_test,source_label,unknown,unknown,586898011e93ef539f29b6938973e5646d3c8862ded46449570b723815b05450,29df9bfb8a5e04dda38ec293099e456c2b0db48a2b3cc776b28e4b8ec0e46580,xeno_validation,,517
xeno_val_160053_s0007,audio/Certhia_americana/xeno_val_160053_s0007.wav,2,Certhia_americana,Xeno-canto_validation,160053,112000,16000,board_test,source_label,unknown,unknown,47e2d6ae25ae84677abad9827cf2c71d56fefd0effb42f62902064a6c5236ddc,0102c64a5acf1ce73c371f641a50b92ff426aad4cfb05ec0dd12487416d76836,xeno_validation,,1013
xeno_val_639144_s0004,audio/Corvus_brachyrhynchos/xeno_val_639144_s0004.wav,3,Corvus_brachyrhynchos,Xeno-canto_validation,639144,64000,16000,board_test,source_label,unknown,unknown,54ab9bb3aeb183da231c06a18e831357211e9d8c36d28c448a845c4e82d1a1c3,0af7cd08cc05e49282a0629c9e99cca00a5db8279723f098880db2b232c7df5c,xeno_validation,,1692
xeno_val_91789_s0008,audio/Setophaga_aestiva/xeno_val_91789_s0008.wav,4,Setophaga_aestiva,Xeno-canto_validation,91789,128000,16000,board_test,source_label,unknown,unknown,6516508f6d76d4639478376b08f6a48d73fbc135139e968af4d98fb1e8526c44,08af39850b154267251b882314f51d4af2592ecbef67ae9623d002f067ba75bf,xeno_validation,,2249
xeno_val_372307_s0004,audio/Setophaga_ruticilla/xeno_val_372307_s0004.wav,5,Setophaga_ruticilla,Xeno-canto_validation,372307,64000,16000,board_test,source_label,unknown,unknown,cdd0f12fda20297b523400d0d5a559fb0f5af219f93967cb0cd02123015bf9ab,82ddad03137f380191420b8cc9e4efa69f5849694041f9a6214c039dc599d58a,xeno_validation,,2577
xeno_val_454621_s0001,audio/Spinus_tristis/xeno_val_454621_s0001.wav,6,Spinus_tristis,Xeno-canto_validation,454621,16000,16000,board_test,source_label,unknown,unknown,0da0e33b7c86539bf5cd84cd32598396d4d5f380ca440f86eb82ba4018c2c154,37a0b8dfb0af27eb751dd7304f8920ed22d4ea77435c6f4c344a28ab0bac3bfb,xeno_validation,,3022
xeno_val_1012677_s0027,audio/Turdus_migratorius/xeno_val_1012677_s0027.wav,7,Turdus_migratorius,Xeno-canto_validation,1012677,432000,16000,board_test,source_label,unknown,unknown,427fe75633bbadbe0cc4e2b187a50845a0088247890a7665cfc1af5d59b036ca,22f2bca63327b7c0f5ff3de174e28d0b2ea99fc7b6330e7a8e680f0d56f7f129,xeno_validation,,3198
xeno_val_1094099_s0016,audio/Agelaius_phoeniceus/xeno_val_1094099_s0016.wav,0,Agelaius_phoeniceus,Xeno-canto_validation,1094099,256000,16000,board_test,source_label,unknown,unknown,f508cb46df94c5ccf26e0fa6dc17f75a4a3b15718bb1e5d6fb457f8f03b8bc1f,46609dac4dc3b4be325632c3105e96ac208905ab6244b58122829363be44094f,xeno_validation,,50
xeno_val_142555_s0009,audio/Cardinalis_cardinalis/xeno_val_142555_s0009.wav,1,Cardinalis_cardinalis,Xeno-canto_validation,142555,144000,16000,board_test,source_label,unknown,unknown,00c47b10ead6023d1db84390a99037015811fe6834c28dbd48bdbd26eb68bb75,abe0ccc4b4283e853a61e8a53a2a8aeac7037ad3df0746794ab2a33247e645be,xeno_validation,,518
xeno_val_160053_s0011,audio/Certhia_americana/xeno_val_160053_s0011.wav,2,Certhia_americana,Xeno-canto_validation,160053,176000,16000,board_test,source_label,unknown,unknown,1ce19d315eafb5b437c8246883362572cbbedf5492be37e38f383dd10cc68476,d00efc9dd45ae28c0256be1ecb89e1063d129ddade6b409291f0fd9554eee20b,xeno_validation,,1014
xeno_val_639144_s0007,audio/Corvus_brachyrhynchos/xeno_val_639144_s0007.wav,3,Corvus_brachyrhynchos,Xeno-canto_validation,639144,112000,16000,board_test,source_label,unknown,unknown,e94e7ee5ee3b076ce9375b6fd8b7757cbe1f0d67b8097c6b4a824bbb1c39209c,94c06b9a1f7987b9e17070f83cdabdb66055bc66fc0b3bcd259ec0e3b6c335b5,xeno_validation,,1693
xeno_val_91789_s0012,audio/Setophaga_aestiva/xeno_val_91789_s0012.wav,4,Setophaga_aestiva,Xeno-canto_validation,91789,192000,16000,board_test,source_label,unknown,unknown,0a716f4079021e467a9a2b677cb0384bcda50fe5f8d7beb4f0bc00470ad23a04,a5379a39e5e66dfecacb35f17ddd6e68448bde5cde0537beab8bb0ccd954057c,xeno_validation,,2250
xeno_val_372307_s0006,audio/Setophaga_ruticilla/xeno_val_372307_s0006.wav,5,Setophaga_ruticilla,Xeno-canto_validation,372307,96000,16000,board_test,source_label,unknown,unknown,291378b7a4ad1cc7d0f72467dfc3d7ca0bcb7b5a94812197ad8899cb4eeb0cea,bfab0b755770a625dd130d302d2c36e0b0f46a06fbadb13e36343a13a742950a,xeno_validation,,2578
xeno_val_454621_s0003,audio/Spinus_tristis/xeno_val_454621_s0003.wav,6,Spinus_tristis,Xeno-canto_validation,454621,48000,16000,board_test,source_label,unknown,unknown,30d0719ea9ad1ceebb30d046303e854d41959c617dbe021a72d4759936b3fcd0,4701e57817d46bcdbd3e0c6473731511212265cf7ce51e08d51699dd732069b8,xeno_validation,,3023
xeno_val_1012677_s0043,audio/Turdus_migratorius/xeno_val_1012677_s0043.wav,7,Turdus_migratorius,Xeno-canto_validation,1012677,688000,16000,board_test,source_label,unknown,unknown,afa18fe1dbdf3c3948f91d279e6266954ef39cb2c22c0e10cf40dbf8070371e7,da02bd7fc8bdafe2672c589f132b2b444b7e5e9b961c9abb96d9ac50be850d29,xeno_validation,,3199
xeno_val_1094099_s0024,audio/Agelaius_phoeniceus/xeno_val_1094099_s0024.wav,0,Agelaius_phoeniceus,Xeno-canto_validation,1094099,384000,16000,board_test,source_label,unknown,unknown,57c3ea5f1ea8e5edbbf88273aa1c9682eec52989e15452cb0f8cc90bc4e9105e,12138322a29c435a73e7f1491ab6bf44a3c80c063b8b06b6d8d3a04df0af0050,xeno_validation,,51
xeno_val_142555_s0015,audio/Cardinalis_cardinalis/xeno_val_142555_s0015.wav,1,Cardinalis_cardinalis,Xeno-canto_validation,142555,240000,16000,board_test,source_label,unknown,unknown,6677b42ecf114af8770e667a78d06a64b7f2fc1fa168188f5016faf1f254e042,d36320023e7386519bac0d73704b80c928bebb40e1286b0a0287b226c010336b,xeno_validation,,519
xeno_val_160053_s0018,audio/Certhia_americana/xeno_val_160053_s0018.wav,2,Certhia_americana,Xeno-canto_validation,160053,288000,16000,board_test,source_label,unknown,unknown,4d854bd4d7cf6d6650cbc294acd9ad9f31c615efeaa10238ea6fad645da26c01,393c98e0f0c40cc20bd284e4a0bca8a28f215b5098cfd5b5b231c1458e083a2f,xeno_validation,,1015
xeno_val_639144_s0011,audio/Corvus_brachyrhynchos/xeno_val_639144_s0011.wav,3,Corvus_brachyrhynchos,Xeno-canto_validation,639144,176000,16000,board_test,source_label,unknown,unknown,bcf3053cbc828ded380b3677248035e66d621d691d9dd6e37e53990a70e0c72f,28ea20eafd866e3576427ce2e5e2a55c424cb4b56d71e44119a88cc10e1671be,xeno_validation,,1694
xeno_val_91789_s0018,audio/Setophaga_aestiva/xeno_val_91789_s0018.wav,4,Setophaga_aestiva,Xeno-canto_validation,91789,288000,16000,board_test,source_label,unknown,unknown,f264dbe47abeb6108c3bfd0675f626d3203b9cba54a3eed8bfc6ff5c8e12a52f,b612045445c01ce3404d369c45e45eb0a2004b72850a07d04d9b838ee5293049,xeno_validation,,2251
xeno_val_372307_s0009,audio/Setophaga_ruticilla/xeno_val_372307_s0009.wav,5,Setophaga_ruticilla,Xeno-canto_validation,372307,144000,16000,board_test,source_label,unknown,unknown,10845993c3256181f88bc2383c15e1481d24e4e588ba35849759e93aea33f04b,ed80d094f6bbcb733ecb5f27c3beace95dbf5571b9c6171e2332503bf396a170,xeno_validation,,2579
xeno_val_454621_s0004,audio/Spinus_tristis/xeno_val_454621_s0004.wav,6,Spinus_tristis,Xeno-canto_validation,454621,64000,16000,board_test,source_label,unknown,unknown,ea9a72ccab9bd60a155afe932fb6a316ed986dc88b6c7664f52b8a3c4f9a6d60,3840a799767aee5634985b31d8814503f320b88b52fb69349427361ff131b411,xeno_validation,,3024
xeno_val_1012677_s0058,audio/Turdus_migratorius/xeno_val_1012677_s0058.wav,7,Turdus_migratorius,Xeno-canto_validation,1012677,928000,16000,board_test,source_label,unknown,unknown,81e9664798368b0158d30d2488b1b6f3af3c7f69288bbeda1ded9941a841ca05,cdaf52a900a9b4bf91777802698886c7063710720d268f08377cf3174e7db64c,xeno_validation,,3200
xeno_val_1094099_s0029,audio/Agelaius_phoeniceus/xeno_val_1094099_s0029.wav,0,Agelaius_phoeniceus,Xeno-canto_validation,1094099,464000,16000,board_test,source_label,unknown,unknown,47aa79c79af2b8c54fd48f66c2fefac4e3a8c86b894b34b1b4d8010d14263948,b35e04258f941214681cb9054530249eb0a5046ef30ffd232852e59a81605b32,xeno_validation,,52
xeno_val_142555_s0016,audio/Cardinalis_cardinalis/xeno_val_142555_s0016.wav,1,Cardinalis_cardinalis,Xeno-canto_validation,142555,256000,16000,board_test,source_label,unknown,unknown,6dbddda4c09c01708c2122ee583f24d8ecd08149d5161adc4f852e812d6fc506,aeedcb6a8464f039f2c506ed51d018312d8227655d6457b576e89aa912790ad3,xeno_validation,,520
xeno_val_160053_s0020,audio/Certhia_americana/xeno_val_160053_s0020.wav,2,Certhia_americana,Xeno-canto_validation,160053,320000,16000,board_test,source_label,unknown,unknown,dc9f962f809522d14933cf41374b2275e52b2fbf5df787aa70a6cc723e9a124e,7c3d22501c9dd72a556643f860cae5c73fc58832b1c9921b92fb1f253a42bac5,xeno_validation,,1016
xeno_val_639144_s0017,audio/Corvus_brachyrhynchos/xeno_val_639144_s0017.wav,3,Corvus_brachyrhynchos,Xeno-canto_validation,639144,272000,16000,board_test,source_label,unknown,unknown,682f348435bc5259c0bb080c29f8f4917bb059b183434651a26375e3719b104a,f507a2042449cfe41acce35bb0861159aacc05effabc46a3a6b2ecb6cc6a8bbd,xeno_validation,,1695
xeno_val_91789_s0023,audio/Setophaga_aestiva/xeno_val_91789_s0023.wav,4,Setophaga_aestiva,Xeno-canto_validation,91789,368000,16000,board_test,source_label,unknown,unknown,d67e037ce87643dcead1c66e207e0f05ce00a7d16ce189adf835578a8c0fb7a0,9b5165d1dc4ec180284f26866965fbed2185977e735e305faccf3c7526a09db0,xeno_validation,,2252
xeno_val_372307_s0013,audio/Setophaga_ruticilla/xeno_val_372307_s0013.wav,5,Setophaga_ruticilla,Xeno-canto_validation,372307,208000,16000,board_test,source_label,unknown,unknown,2999cb0e41a65564098999538f95fb5802a981fc4f72b5152bb5c819ed8626ea,974aa1b1c9b88c27aec96c207c0509d50321e98ee22cc07c608bb16c2c14261f,xeno_validation,,2580
xeno_val_454621_s0005,audio/Spinus_tristis/xeno_val_454621_s0005.wav,6,Spinus_tristis,Xeno-canto_validation,454621,80000,16000,board_test,source_label,unknown,unknown,7feedae4f6bfe186ef817190c102d42f75be73249b5c86aef016813bc59b6d8a,1af9b8ed3ca27a68da65a5db75cf6dbff82a1fe48d8819038080f58173c0fbeb,xeno_validation,,3025
xeno_val_1012677_s0071,audio/Turdus_migratorius/xeno_val_1012677_s0071.wav,7,Turdus_migratorius,Xeno-canto_validation,1012677,1136000,16000,board_test,source_label,unknown,unknown,98f2d47fc0afb82949db5f880b88ef7ecec9a3ec07b7d4aac560c41d87aefbf8,95645b101ebb438ac0db7d1e37a61b6e998553f341d324ed51c608cb3c6096e2,xeno_validation,,3201
xeno_val_1094099_s0043,audio/Agelaius_phoeniceus/xeno_val_1094099_s0043.wav,0,Agelaius_phoeniceus,Xeno-canto_validation,1094099,688000,16000,board_test,source_label,unknown,unknown,20924e82e8527d326b10fdad6bbfff9f0e49404680df474778a9189b3c5b3c92,a2954c13c0062efcad0d9d94be66370a7f844a1f569760e4986ca96ec3b21738,xeno_validation,,53
xeno_val_142555_s0022,audio/Cardinalis_cardinalis/xeno_val_142555_s0022.wav,1,Cardinalis_cardinalis,Xeno-canto_validation,142555,352000,16000,board_test,source_label,unknown,unknown,1a1492f38130d2e94c124d2b5b1dea0768db6c6174ba2f404854c5dd70c3ddc4,84259c7a8c5fb8676b7465bcc8394615c5770ac4cda46095da3d003ce93f308a,xeno_validation,,521
xeno_val_160053_s0027,audio/Certhia_americana/xeno_val_160053_s0027.wav,2,Certhia_americana,Xeno-canto_validation,160053,432000,16000,board_test,source_label,unknown,unknown,1ff4068735c1a7c27b0c612d13b749d75d03390469045ebc45a4b08b528b508c,07c3ed46450d636483188efb89c00bf4589f1fecba661f79cd2cadfbb4ee2cd6,xeno_validation,,1017
xeno_val_639144_s0022,audio/Corvus_brachyrhynchos/xeno_val_639144_s0022.wav,3,Corvus_brachyrhynchos,Xeno-canto_validation,639144,352000,16000,board_test,source_label,unknown,unknown,b704d88908de7d21a32f549e80357a671749c9c1a38429aa091b257c47827d4d,815e2d860cce06863db8933a2c60fde8d7f08de8c3903e5ab06caf50b3681139,xeno_validation,,1696
xeno_val_91789_s0027,audio/Setophaga_aestiva/xeno_val_91789_s0027.wav,4,Setophaga_aestiva,Xeno-canto_validation,91789,432000,16000,board_test,source_label,unknown,unknown,565c4c7aca3b65ad6aa2a0b79067a4fd422b0dd7a52f0eb66bfa9031d1d920ed,f7dd78c09046e612f4f60c0ea1f90aa3466641a56caf7b1fb4d8b7afc03c2b60,xeno_validation,,2253
xeno_val_372307_s0015,audio/Setophaga_ruticilla/xeno_val_372307_s0015.wav,5,Setophaga_ruticilla,Xeno-canto_validation,372307,240000,16000,board_test,source_label,unknown,unknown,fa59c03939218737fb7b75b62355fc3c1d0bad97204bd4920fdf7c4d2b427327,3638c7c0c3c2445bd7c95971be2e91494a55e538a84d574ba148f051c0071bd1,xeno_validation,,2581
xeno_val_454621_s0006,audio/Spinus_tristis/xeno_val_454621_s0006.wav,6,Spinus_tristis,Xeno-canto_validation,454621,96000,16000,board_test,source_label,unknown,unknown,5d1f58bcd55b05a688ce598539de6e0c130a92194f6cbf1aa1f2e55059ffbbfe,74bb248fd92482f9edcaacdee6207f89e90e17a4fd28abd169160559c6429264,xeno_validation,,3026
xeno_val_1012677_s0092,audio/Turdus_migratorius/xeno_val_1012677_s0092.wav,7,Turdus_migratorius,Xeno-canto_validation,1012677,1472000,16000,board_test,source_label,unknown,unknown,a94cc2375df5d7f9e5a777172d97b669fe2010adc82613d0c4387020b5a07f03,8595cb8c870d3807c41b6c55f31fc74ac1d09faa145f27a7a12c215cda6bcd8d,xeno_validation,,3202
xeno_val_1094099_s0046,audio/Agelaius_phoeniceus/xeno_val_1094099_s0046.wav,0,Agelaius_phoeniceus,Xeno-canto_validation,1094099,736000,16000,board_test,source_label,unknown,unknown,16297067902f6ecc6d3451caefce0c92181d428652a5ec98b5aff04d856742da,26ef871ca601d8b7422b4fc6423199a0e6b82d1b83cfd5a67752a239a8032262,xeno_validation,,54
xeno_val_142555_s0026,audio/Cardinalis_cardinalis/xeno_val_142555_s0026.wav,1,Cardinalis_cardinalis,Xeno-canto_validation,142555,416000,16000,board_test,source_label,unknown,unknown,23c84425a215dfd0ac9f16bc7dcb69852463f04eb8db243b7479099358524949,e1c4e8ee65579cf2a28174649312812d707bead44267b6ed38a4a9e36816748b,xeno_validation,,522
xeno_val_160053_s0030,audio/Certhia_americana/xeno_val_160053_s0030.wav,2,Certhia_americana,Xeno-canto_validation,160053,480000,16000,board_test,source_label,unknown,unknown,baa050605ef1d127586d577dda1bdfec88b7ea5e9bcfad14356fa13a9b362e07,96b1e543875015bc1ecc081efa40e492a14eda02db11507fe4fc1d584057b2dc,xeno_validation,,1018
xeno_val_639144_s0023,audio/Corvus_brachyrhynchos/xeno_val_639144_s0023.wav,3,Corvus_brachyrhynchos,Xeno-canto_validation,639144,368000,16000,board_test,source_label,unknown,unknown,d9e7e066b14a225afac116be65ed0ea8e9e3c8c848d189d6725ba7aad317206c,57e7bbef7b4e3917b0f6c68f6cfdf5bc782dcc3e33e1fb106ee03fc1c8efefa9,xeno_validation,,1697
xeno_val_91789_s0034,audio/Setophaga_aestiva/xeno_val_91789_s0034.wav,4,Setophaga_aestiva,Xeno-canto_validation,91789,544000,16000,board_test,source_label,unknown,unknown,44f4b5548687b24c77b403e67dc11b1f9ffcb6ed33ebfbc67f00469cf53aede5,e959f80c8dca2d87866d4a10562e4ee91ffaf3af4f399f114717996e2a4b3e8a,xeno_validation,,2254
xeno_val_372307_s0018,audio/Setophaga_ruticilla/xeno_val_372307_s0018.wav,5,Setophaga_ruticilla,Xeno-canto_validation,372307,288000,16000,board_test,source_label,unknown,unknown,05c0a191541e1bec294683d5db6d268fbc19a635806e2d49c78cf1ba681e3128,3b2afea98da1c578fd06cc66ef1fd8fe0ed2dbd6700628ca41c6a4ce6976fb0f,xeno_validation,,2582
xeno_val_454621_s0008,audio/Spinus_tristis/xeno_val_454621_s0008.wav,6,Spinus_tristis,Xeno-canto_validation,454621,128000,16000,board_test,source_label,unknown,unknown,d430809f5cd0a02a8e999a68b3182fad35310b2146e3a2a7eeca586ca8f9e0dd,fed38200a7bb3deb835da37c3e8ade20ece8f91cc222052ffe59b57a76e1d4dc,xeno_validation,,3027
xeno_val_1012677_s0107,audio/Turdus_migratorius/xeno_val_1012677_s0107.wav,7,Turdus_migratorius,Xeno-canto_validation,1012677,1712000,16000,board_test,source_label,unknown,unknown,849a9d6944e0c276e8a9df8f7fad9a917c1366d37bb3e2740dc27952e3619c1e,94e13b4eaaa2c073239a897f03b67d1d3f1a80acf9532730f46bd246a02e1e4a,xeno_validation,,3203
xeno_val_1094099_s0052,audio/Agelaius_phoeniceus/xeno_val_1094099_s0052.wav,0,Agelaius_phoeniceus,Xeno-canto_validation,1094099,832000,16000,board_test,source_label,unknown,unknown,049149f81a3b400f7543e19665aec351927c3c7883e56b4b2b52341f9f30451e,bb335e643dc1bfbe67383521f21c69fefd562a6445a7de6eccff03dfb19795b0,xeno_validation,,55
xeno_val_142555_s0030,audio/Cardinalis_cardinalis/xeno_val_142555_s0030.wav,1,Cardinalis_cardinalis,Xeno-canto_validation,142555,480000,16000,board_test,source_label,unknown,unknown,2e94f17002ce3ad9222df7496c3ea589c6f4d3fdb3ef4cc92a201a9fad10514c,5a23fc46a66260db17c9613862320f836cc5c72c464e108f19b41e252a9ddcce,xeno_validation,,523
xeno_val_160053_s0034,audio/Certhia_americana/xeno_val_160053_s0034.wav,2,Certhia_americana,Xeno-canto_validation,160053,544000,16000,board_test,source_label,unknown,unknown,5579dd654b5ab7f2aaf648dd1e1f6d3031657f7e340982a65697a4706232a8a0,9b1af46f703267bad607b5619e15daff455e73b9e49c3c76434d0b9089222963,xeno_validation,,1019
xeno_val_639144_s0030,audio/Corvus_brachyrhynchos/xeno_val_639144_s0030.wav,3,Corvus_brachyrhynchos,Xeno-canto_validation,639144,480000,16000,board_test,source_label,unknown,unknown,96e11b9be9a8edbd413344250280c490243c08147562b699877671173f308fa7,a3c03abd918c566aef16c6d309ee57be92e9b1d947259576e8e2034da2de5a98,xeno_validation,,1698
xeno_val_91789_s0040,audio/Setophaga_aestiva/xeno_val_91789_s0040.wav,4,Setophaga_aestiva,Xeno-canto_validation,91789,640000,16000,board_test,source_label,unknown,unknown,0a90ed19393af22bfc5d9d77fa61f9d99ee3ee6f1aa7850af1b5b7c71c8b0534,8b8036ef59c99788e40395348788b3fc394c468a89461ef6dae25ca9a9c6d225,xeno_validation,,2255
xeno_val_372307_s0023,audio/Setophaga_ruticilla/xeno_val_372307_s0023.wav,5,Setophaga_ruticilla,Xeno-canto_validation,372307,368000,16000,board_test,source_label,unknown,unknown,5fdc6b0c464a2dca632a96bae429ef32ed99b5249f26944e54a335ae1160870b,87f8a38a40c0d7cb7d6ff2bfe735e2cda49d21570dbed480b2923f62fbfe2bcd,xeno_validation,,2583
xeno_val_454621_s0009,audio/Spinus_tristis/xeno_val_454621_s0009.wav,6,Spinus_tristis,Xeno-canto_validation,454621,144000,16000,board_test,source_label,unknown,unknown,e731a59d380effbc2661ab593138a2bd89550c7856284f79f34d55de681ab383,0035041dd2efb9f28280fd3167311fb11945ea76f2768f3a7cd4a587252026de,xeno_validation,,3028
xeno_val_1012677_s0119,audio/Turdus_migratorius/xeno_val_1012677_s0119.wav,7,Turdus_migratorius,Xeno-canto_validation,1012677,1904000,16000,board_test,source_label,unknown,unknown,39b045089635f141a0d2ca9b0188988c1ac451ec9344bf6717eac8f2f9638203,a5026f93546c406e40f922a2562dee0ab1e5a04895e29649bc5a3dd8e35b582c,xeno_validation,,3204
db3v_common20_r1_531004_31_s00,audio/Agelaius_phoeniceus/db3v_common20_r1_531004_31_s00.wav,0,Agelaius_phoeniceus,DB3V_common_20shot_heldout,r1:531004_31,0,16000,board_test,source_label,unknown,unknown,6ca8c0aaf686e3b9bb608dd176ae0540615a506bdccf955d85160a8c49531035,691358833481c39b424c49a5087ad8426fe0bff89a54aa526c3334e540f67906,db3v_common_20shot_heldout,1,5936
db3v_common20_r1_725495_13_s00,audio/Cardinalis_cardinalis/db3v_common20_r1_725495_13_s00.wav,1,Cardinalis_cardinalis,DB3V_common_20shot_heldout,r1:725495_13,0,16000,board_test,source_label,unknown,unknown,9a4430e83fbfcb750610da68f24c7b1a5eff6461ffd6050da0182163c4a39d62,a56c111b1781db3454b1a496c356fd4e6f16e62f79885f19184f13839a0ebc14,db3v_common_20shot_heldout,1,14952
db3v_common20_r1_153402_1_s00,audio/Certhia_americana/db3v_common20_r1_153402_1_s00.wav,2,Certhia_americana,DB3V_common_20shot_heldout,r1:153402_1,0,16000,board_test,source_label,unknown,unknown,42345a52b1362736d8f7ba456a1c5275c057a0f81a57ada8162fcdcce1325ffd,20953f162447974e18fa8a349e2cd6f7c6ceab31374c4bd1853be2d58afddf77,db3v_common_20shot_heldout,1,16784
db3v_common20_r1_279723_0_s00,audio/Corvus_brachyrhynchos/db3v_common20_r1_279723_0_s00.wav,3,Corvus_brachyrhynchos,DB3V_common_20shot_heldout,r1:279723_0,0,16000,board_test,source_label,unknown,unknown,94df00965efa744aa11e00139cf25df534a119494713d8d26f71b5221beadb59,21025690ab70879d94a7863b3f26fc1191da302aad4764ea653664fe2d4f0f50,db3v_common_20shot_heldout,1,20784
db3v_common20_r1_577345_10_s00,audio/Setophaga_aestiva/db3v_common20_r1_577345_10_s00.wav,4,Setophaga_aestiva,DB3V_common_20shot_heldout,r1:577345_10,0,16000,board_test,source_label,unknown,unknown,5964ece60c3ce2f56760ce8e0ca14f22aa80b02904d16fb34f708472658c6384,ade8ddf76ff62b7b754750639fa6adc156f9d6d853d64f2f1dbe071f9de78bc5,db3v_common_20shot_heldout,1,27160
db3v_common20_r1_193127_19_s00,audio/Setophaga_ruticilla/db3v_common20_r1_193127_19_s00.wav,5,Setophaga_ruticilla,DB3V_common_20shot_heldout,r1:193127_19,0,16000,board_test,source_label,unknown,unknown,2540fc5ffd62f99d679d337578783c3d1fb99b7b50b891280d980adee2260f2e,39377feb96e187c2e2fa53901833ff96041bcfad88d44d229f55d78756b23e01,db3v_common_20shot_heldout,1,29816
db3v_common20_r1_437593_1_s00,audio/Spinus_tristis/db3v_common20_r1_437593_1_s00.wav,6,Spinus_tristis,DB3V_common_20shot_heldout,r1:437593_1,0,16000,board_test,source_label,unknown,unknown,0461cec427af2e6ba96317a1a4453602983b101c93fc1776132905aab268c54d,4d12a87ad89bf467b21d1f625a91469cded795ca85b900d83d2f16422768f242,db3v_common_20shot_heldout,1,32376
db3v_common20_r1_378442_3_s00,audio/Turdus_migratorius/db3v_common20_r1_378442_3_s00.wav,7,Turdus_migratorius,DB3V_common_20shot_heldout,r1:378442_3,0,16000,board_test,source_label,unknown,unknown,b8c87f38d1986ab62a8c302c13ec684d1cec24b25bb7909a41ccb8b59089795a,6c39fda218325fdbca670a5cc1be26450c6f407acb5061ef69e7f67ed51b56b0,db3v_common_20shot_heldout,1,36208
db3v_common20_r1_531004_31_s01,audio/Agelaius_phoeniceus/db3v_common20_r1_531004_31_s01.wav,0,Agelaius_phoeniceus,DB3V_common_20shot_heldout,r1:531004_31,16000,16000,board_test,source_label,unknown,unknown,05318d3c45fc6790f215607e20749a892567703855ed1b21bb0aa60c33f2fd84,7db256573db82a92fb95b2c87d90355f9651fb8edcbaf89951ba3f9c55c5216b,db3v_common_20shot_heldout,1,5937
db3v_common20_r1_725495_13_s01,audio/Cardinalis_cardinalis/db3v_common20_r1_725495_13_s01.wav,1,Cardinalis_cardinalis,DB3V_common_20shot_heldout,r1:725495_13,16000,16000,board_test,source_label,unknown,unknown,537d3a7793fb999aaed84460fed633459e2d1ea0deeaa6d3d354489e9ae2a8d5,81254e0e98c8136ad7fb8261809f530f948b58a741543db8c4dd94d9695fa37c,db3v_common_20shot_heldout,1,14953
db3v_common20_r1_153402_1_s01,audio/Certhia_americana/db3v_common20_r1_153402_1_s01.wav,2,Certhia_americana,DB3V_common_20shot_heldout,r1:153402_1,16000,16000,board_test,source_label,unknown,unknown,1204994fe5b1751c5d838fad916560b6da74716064bb28353fd9da5670f2721b,411bfb42b1c30486e88014361849fc43a4cf8a30c59dbd73935b2dd73e55debf,db3v_common_20shot_heldout,1,16785
db3v_common20_r1_279723_0_s01,audio/Corvus_brachyrhynchos/db3v_common20_r1_279723_0_s01.wav,3,Corvus_brachyrhynchos,DB3V_common_20shot_heldout,r1:279723_0,16000,16000,board_test,source_label,unknown,unknown,a481ee44bfdce3cbb16d83a4c8213e17c6cc3bb20a388800e1d84db19328c79a,ea1d2de7a7033e17fe7e6b37b9d970f49dacc5426b5540be060a68b96622a2d9,db3v_common_20shot_heldout,1,20785
db3v_common20_r1_577345_10_s01,audio/Setophaga_aestiva/db3v_common20_r1_577345_10_s01.wav,4,Setophaga_aestiva,DB3V_common_20shot_heldout,r1:577345_10,16000,16000,board_test,source_label,unknown,unknown,d90ffce5ca9a503051cbd1e3484f35ef90e250a646686e477fc843b8417ae466,2fe1eef79ef2932b2598aa606404e1085083b8b3d3803e006de370b2695d9fbb,db3v_common_20shot_heldout,1,27161
db3v_common20_r1_193127_19_s01,audio/Setophaga_ruticilla/db3v_common20_r1_193127_19_s01.wav,5,Setophaga_ruticilla,DB3V_common_20shot_heldout,r1:193127_19,16000,16000,board_test,source_label,unknown,unknown,2579dd94ae3984ebe9b4256f6cf322cec94e3e3d58842a53840405268f296f24,41c9eb1448392f609bdebe685bed9c2ad05ccc6b8f6b36afc712bd309980f32d,db3v_common_20shot_heldout,1,29817
db3v_common20_r1_437593_1_s01,audio/Spinus_tristis/db3v_common20_r1_437593_1_s01.wav,6,Spinus_tristis,DB3V_common_20shot_heldout,r1:437593_1,16000,16000,board_test,source_label,unknown,unknown,7bf86f279e83daa341adcfa5f0f5fa1532405973b87e84580c40501d77a70949,6d59995c05fed230a8eba0915259dd7f1b0221aa344e379f307327a6ba3e27be,db3v_common_20shot_heldout,1,32377
db3v_common20_r1_378442_3_s01,audio/Turdus_migratorius/db3v_common20_r1_378442_3_s01.wav,7,Turdus_migratorius,DB3V_common_20shot_heldout,r1:378442_3,16000,16000,board_test,source_label,unknown,unknown,2fa0f1f33c1c89ff16a517350ef5a04114d7be5eba26506065663d2bc5488291,b9a160744f06b7ced9a75e22ab366ee0d2ceab6308f0f3e40cf22c080ff48451,db3v_common_20shot_heldout,1,36209
db3v_common20_r1_531004_31_s02,audio/Agelaius_phoeniceus/db3v_common20_r1_531004_31_s02.wav,0,Agelaius_phoeniceus,DB3V_common_20shot_heldout,r1:531004_31,32000,16000,board_test,source_label,unknown,unknown,8c73438eae6a93be58f60ae47ad15d9ecf94ab7df0f61f75e42e42c77148fe70,66e91ddd12aeaee9b896dd058a89867bbed455e429a7febf7a5fd51690f4362e,db3v_common_20shot_heldout,1,5938
db3v_common20_r1_725495_13_s02,audio/Cardinalis_cardinalis/db3v_common20_r1_725495_13_s02.wav,1,Cardinalis_cardinalis,DB3V_common_20shot_heldout,r1:725495_13,32000,16000,board_test,source_label,unknown,unknown,e58d62e674c13bde69016c0e83d639fc8ac3735228f03bf6888a3c97af422edf,3fe3d11da20fc3cf89ba0a5bb9eb821b604df3b963c2f01625fc2d6b203efd4a,db3v_common_20shot_heldout,1,14954
db3v_common20_r1_153402_1_s02,audio/Certhia_americana/db3v_common20_r1_153402_1_s02.wav,2,Certhia_americana,DB3V_common_20shot_heldout,r1:153402_1,32000,16000,board_test,source_label,unknown,unknown,8be07654c59c3e9d87cd7f58db49244a51773cd32ad9f6d842f1fa03705510ca,95c97081411e979e4c1b39d111ac8f32cb37bcad40b78fe26600f5f9420ae620,db3v_common_20shot_heldout,1,16786
db3v_common20_r1_279723_0_s02,audio/Corvus_brachyrhynchos/db3v_common20_r1_279723_0_s02.wav,3,Corvus_brachyrhynchos,DB3V_common_20shot_heldout,r1:279723_0,32000,16000,board_test,source_label,unknown,unknown,ca9474b07f2c637ff8ea0e8d7bb8c3f8d0cba63c573afbcbf535176da75c7c84,4777a029c26830b7cad4202dcea7685d5c9a591a7d1fe2dc160eb0d7e8d8f237,db3v_common_20shot_heldout,1,20786
db3v_common20_r1_577345_10_s02,audio/Setophaga_aestiva/db3v_common20_r1_577345_10_s02.wav,4,Setophaga_aestiva,DB3V_common_20shot_heldout,r1:577345_10,32000,16000,board_test,source_label,unknown,unknown,3b318b7e886f166f677c221cf5c41efb6246f092c9294bb32b987fa64c0c5d2c,376362e1eb27685339bb59f755d75122123ecfed47f9ceb06146eb0888697c6a,db3v_common_20shot_heldout,1,27162
db3v_common20_r1_193127_19_s02,audio/Setophaga_ruticilla/db3v_common20_r1_193127_19_s02.wav,5,Setophaga_ruticilla,DB3V_common_20shot_heldout,r1:193127_19,32000,16000,board_test,source_label,unknown,unknown,b14b8e5f57d8d274e3542f7da03857a70aea34d8954fb6b9e5c1ef25fe130fdf,1815e6af9b408c59cb6de78ad7bf31636151f79d2b3fad516b31125b3008bf34,db3v_common_20shot_heldout,1,29818
db3v_common20_r1_437593_1_s02,audio/Spinus_tristis/db3v_common20_r1_437593_1_s02.wav,6,Spinus_tristis,DB3V_common_20shot_heldout,r1:437593_1,32000,16000,board_test,source_label,unknown,unknown,324b3fb9a88c3b3eb4aee66dc03fb21325313e3bcd65a5517a2357191e7bd9b7,9604f6f84a2c6f4f90b7424ab9ce0a8855a21b0b371f2f7fcd3e6c5cb4b8ad46,db3v_common_20shot_heldout,1,32378
db3v_common20_r1_378442_3_s02,audio/Turdus_migratorius/db3v_common20_r1_378442_3_s02.wav,7,Turdus_migratorius,DB3V_common_20shot_heldout,r1:378442_3,32000,16000,board_test,source_label,unknown,unknown,7d1ebb3f3d9b600eccdb47ab5f428f03cd6f37c042b5d6ed5ad7f68edf73504c,7c47d110aa3e9fcef45aebee905c3b7df29035dcb8b6d87304f13090f71e8713,db3v_common_20shot_heldout,1,36210
db3v_common20_r1_531004_31_s03,audio/Agelaius_phoeniceus/db3v_common20_r1_531004_31_s03.wav,0,Agelaius_phoeniceus,DB3V_common_20shot_heldout,r1:531004_31,48000,16000,board_test,source_label,unknown,unknown,6d699892791649a81faa4d81afd02841e4b9777c355af2d662fb8e96b32e2623,8ca9be7e8eebf07bd62a70287f441b0874f7bcb42befcfc1ddc3ff46293075bf,db3v_common_20shot_heldout,1,5939
db3v_common20_r1_725495_13_s03,audio/Cardinalis_cardinalis/db3v_common20_r1_725495_13_s03.wav,1,Cardinalis_cardinalis,DB3V_common_20shot_heldout,r1:725495_13,48000,16000,board_test,source_label,unknown,unknown,7c9ab8af136af3575143ecbe9913a3d454c833af9fbde13f353a717bb9245c5c,05bab5d00235f57c1eaa2e42630646fe2656626b30e14f8b39197fded5ab5e54,db3v_common_20shot_heldout,1,14955
db3v_common20_r1_153402_1_s03,audio/Certhia_americana/db3v_common20_r1_153402_1_s03.wav,2,Certhia_americana,DB3V_common_20shot_heldout,r1:153402_1,48000,16000,board_test,source_label,unknown,unknown,3a4c1afc45ec96f1f077cda771607e7cf3067d1f182d31021320cc24d960e7a0,935058d36027dfdaa71d149c1934c0f4c631e3c74f01cc6fcaf83bbc69120480,db3v_common_20shot_heldout,1,16787
db3v_common20_r1_279723_0_s03,audio/Corvus_brachyrhynchos/db3v_common20_r1_279723_0_s03.wav,3,Corvus_brachyrhynchos,DB3V_common_20shot_heldout,r1:279723_0,48000,16000,board_test,source_label,unknown,unknown,71a4505a9cc28e16072e12c98e6bec1c15ebccf18487bbc5dbaa5ec75d812b7f,efa5cf713f22fb5b1564a5a58eb5c3d20ac176608a0c1070cabeafb5f12ac099,db3v_common_20shot_heldout,1,20787
db3v_common20_r1_577345_10_s03,audio/Setophaga_aestiva/db3v_common20_r1_577345_10_s03.wav,4,Setophaga_aestiva,DB3V_common_20shot_heldout,r1:577345_10,48000,16000,board_test,source_label,unknown,unknown,cedbed348477590056cc23589959416d9c9f55b91185061a31e26d39fcba9be4,240620f9c5f43eaae1e0ba10e6b43246600b77389443cf0b851c161d524c2212,db3v_common_20shot_heldout,1,27163
db3v_common20_r1_193127_19_s03,audio/Setophaga_ruticilla/db3v_common20_r1_193127_19_s03.wav,5,Setophaga_ruticilla,DB3V_common_20shot_heldout,r1:193127_19,48000,16000,board_test,source_label,unknown,unknown,5e4d5eddbea2ff77206fbb3ac78d8917f89014323e455a453f0cb6bc54f1091b,526e711b63dbea89189333db85bcc8123a012d25de4418a6d80e9d812e0a7c5c,db3v_common_20shot_heldout,1,29819
db3v_common20_r1_437593_1_s03,audio/Spinus_tristis/db3v_common20_r1_437593_1_s03.wav,6,Spinus_tristis,DB3V_common_20shot_heldout,r1:437593_1,48000,16000,board_test,source_label,unknown,unknown,3b9941bd73da3b94f857dde3a52f420a5d23ee49f8b39e7de6f718f172d64849,cd54c0b4f0782c5131a037090b18db88a5f4978d59b76a1a5effd7e1f1371e39,db3v_common_20shot_heldout,1,32379
db3v_common20_r1_378442_3_s03,audio/Turdus_migratorius/db3v_common20_r1_378442_3_s03.wav,7,Turdus_migratorius,DB3V_common_20shot_heldout,r1:378442_3,48000,16000,board_test,source_label,unknown,unknown,92c345be4cbf3a1d3d6a2eba1a76910f47db48db39c22c00e60c183372254856,02e698f5be6d8bdf5a3caf70792f481019123891d1022203b46725a8fcf52937,db3v_common_20shot_heldout,1,36211
db3v_common20_r1_531004_31_s04,audio/Agelaius_phoeniceus/db3v_common20_r1_531004_31_s04.wav,0,Agelaius_phoeniceus,DB3V_common_20shot_heldout,r1:531004_31,64000,16000,board_test,source_label,unknown,unknown,2bba9c12368746301ae3dc6e278156b4d78d11fe0a5a52aaaa3cf2a5af9c9e9b,2dbe3b975f1f0918406ff8d7663d4d0f9cd838b2431de779820b1e586c265a07,db3v_common_20shot_heldout,1,5940
db3v_common20_r1_725495_13_s04,audio/Cardinalis_cardinalis/db3v_common20_r1_725495_13_s04.wav,1,Cardinalis_cardinalis,DB3V_common_20shot_heldout,r1:725495_13,64000,16000,board_test,source_label,unknown,unknown,bcbdc2fbdc3febb1ac31a496698f57f73931e92d033d2c898179af6b46c6181c,69143eb954b7f3952d259fcca75ad6c497f6659b6d5c46729c3b3d6353464f8c,db3v_common_20shot_heldout,1,14956
db3v_common20_r1_153402_1_s04,audio/Certhia_americana/db3v_common20_r1_153402_1_s04.wav,2,Certhia_americana,DB3V_common_20shot_heldout,r1:153402_1,64000,16000,board_test,source_label,unknown,unknown,f51ef25c2621f4e616179ce629b10c8fdb6b0729ca392dbbb43db1d4c85f5f1e,e0bea6f9849491b251bf34ac2e851a2d4cfa8ae3ac533f4c396e8a386e590a9c,db3v_common_20shot_heldout,1,16788
db3v_common20_r1_279723_0_s04,audio/Corvus_brachyrhynchos/db3v_common20_r1_279723_0_s04.wav,3,Corvus_brachyrhynchos,DB3V_common_20shot_heldout,r1:279723_0,64000,16000,board_test,source_label,unknown,unknown,a3b5acc7675d69ad94ee6145c03737a4a9b0838ef70d319cbd3837895d8c7d69,bb7205ec1c2b8ad8a4d4e1da801d7ed3193136027aef65577651eea6e9a8cf5c,db3v_common_20shot_heldout,1,20788
db3v_common20_r1_577345_10_s04,audio/Setophaga_aestiva/db3v_common20_r1_577345_10_s04.wav,4,Setophaga_aestiva,DB3V_common_20shot_heldout,r1:577345_10,64000,16000,board_test,source_label,unknown,unknown,1acf16f1680a27db5a58f6188592bba5e3dc2fb2bbf77082a97e7c79b75e97ca,6b73e3213c9d6068c41dd0f9ba5fe16f1b937691171c7b7477c257d938d7e996,db3v_common_20shot_heldout,1,27164
db3v_common20_r1_193127_19_s04,audio/Setophaga_ruticilla/db3v_common20_r1_193127_19_s04.wav,5,Setophaga_ruticilla,DB3V_common_20shot_heldout,r1:193127_19,64000,16000,board_test,source_label,unknown,unknown,3ed233890184e78df79a17f6e62b86580a1c399a4373538d61753d02dccd923f,5b5b70caa89ba516e1657f761500e6d955597c73ca7b0ba00643101ad0f93740,db3v_common_20shot_heldout,1,29820
db3v_common20_r1_437593_1_s04,audio/Spinus_tristis/db3v_common20_r1_437593_1_s04.wav,6,Spinus_tristis,DB3V_common_20shot_heldout,r1:437593_1,64000,16000,board_test,source_label,unknown,unknown,7e470a956a6ef6f093a42cb5f0b670d1fe6099ec0a8cdd9be868d6501bc59f65,0324ff35d76c661af1ec644c4edaa0f115a2356fccf38eeebbf1481c0da8434d,db3v_common_20shot_heldout,1,32380
db3v_common20_r1_378442_3_s04,audio/Turdus_migratorius/db3v_common20_r1_378442_3_s04.wav,7,Turdus_migratorius,DB3V_common_20shot_heldout,r1:378442_3,64000,16000,board_test,source_label,unknown,unknown,db02ffef1196d254afddebd0209264191521407b5b2e2a14529b3c868490aa33,334c1ff94e0ba6ef672144737cf9476efc20b609cd3fe9a2174045d9c7f270dc,db3v_common_20shot_heldout,1,36212
db3v_common20_r1_531004_31_s05,audio/Agelaius_phoeniceus/db3v_common20_r1_531004_31_s05.wav,0,Agelaius_phoeniceus,DB3V_common_20shot_heldout,r1:531004_31,80000,16000,board_test,source_label,unknown,unknown,4ad7992b88418a698cf250b8687a641cc918a502c1898dd55bf44ed3874b782c,d3047de38bb876e1d7c3d78b220e00a0b4964c4e7d90b74039f1cb0c4717fd25,db3v_common_20shot_heldout,1,5941
db3v_common20_r1_725495_13_s05,audio/Cardinalis_cardinalis/db3v_common20_r1_725495_13_s05.wav,1,Cardinalis_cardinalis,DB3V_common_20shot_heldout,r1:725495_13,80000,16000,board_test,source_label,unknown,unknown,546d869bb167fec5b0df0b5ad0d492858b00856f270288cec7c17d25dcafb98d,c1c5e0de245c0cbc420c357b3b100e179e9ac8b66f3dfbac3f28a505d30c0dab,db3v_common_20shot_heldout,1,14957
db3v_common20_r1_153402_1_s05,audio/Certhia_americana/db3v_common20_r1_153402_1_s05.wav,2,Certhia_americana,DB3V_common_20shot_heldout,r1:153402_1,80000,16000,board_test,source_label,unknown,unknown,03d331adda99220c11452b82e870da7f69a57f97851512bd1b75ff0da600b541,dca44ff1c577fe2419b6d67fe2382339946d2055197fdc16a59debe32040343a,db3v_common_20shot_heldout,1,16789
db3v_common20_r1_279723_0_s05,audio/Corvus_brachyrhynchos/db3v_common20_r1_279723_0_s05.wav,3,Corvus_brachyrhynchos,DB3V_common_20shot_heldout,r1:279723_0,80000,16000,board_test,source_label,unknown,unknown,da88c8e4af3be81a476d336b62e1835e9159427097c74dc2c10ff6cfb14e31fe,d64f81c7c4ff188599dd7e30c98cef4b02f00029049e0970598150154898ff6a,db3v_common_20shot_heldout,1,20789
db3v_common20_r1_577345_10_s05,audio/Setophaga_aestiva/db3v_common20_r1_577345_10_s05.wav,4,Setophaga_aestiva,DB3V_common_20shot_heldout,r1:577345_10,80000,16000,board_test,source_label,unknown,unknown,ca44f6404a3884b263ac41af84f9db385570e53065596b3cc2bfa9e1762546c8,83d42e5f0e372d69990f21942872f7a3b5caafc0632d3ccb871c6cb255c34322,db3v_common_20shot_heldout,1,27165
db3v_common20_r1_193127_19_s05,audio/Setophaga_ruticilla/db3v_common20_r1_193127_19_s05.wav,5,Setophaga_ruticilla,DB3V_common_20shot_heldout,r1:193127_19,80000,16000,board_test,source_label,unknown,unknown,126cb82ee91339e41ac73de9dd14ffa41fd8d423c05636301cac3e4eb463ff4b,62e12fb85b6acb8f367e5808e6284c9399f60052482f4333438ef09f7fcacf9a,db3v_common_20shot_heldout,1,29821
db3v_common20_r1_437593_1_s05,audio/Spinus_tristis/db3v_common20_r1_437593_1_s05.wav,6,Spinus_tristis,DB3V_common_20shot_heldout,r1:437593_1,80000,16000,board_test,source_label,unknown,unknown,a8da340802d076660a2b13b1b60a1683f0e50a09006f8a9ca402478ad91dabe6,96904077907276d605724c4b8cc35451e1ed5ddba8d46bd108dfd96f8d178f97,db3v_common_20shot_heldout,1,32381
db3v_common20_r1_378442_3_s05,audio/Turdus_migratorius/db3v_common20_r1_378442_3_s05.wav,7,Turdus_migratorius,DB3V_common_20shot_heldout,r1:378442_3,80000,16000,board_test,source_label,unknown,unknown,40422a769fb949be1b68773cf001784f11b56afb43355c74f9ef87be8ae85f8c,7f20320d373a8c84f02d8a597971da3f71e9e5962c0655393159b215e07a05bb,db3v_common_20shot_heldout,1,36213
db3v_common20_r1_531004_31_s06,audio/Agelaius_phoeniceus/db3v_common20_r1_531004_31_s06.wav,0,Agelaius_phoeniceus,DB3V_common_20shot_heldout,r1:531004_31,96000,16000,board_test,source_label,unknown,unknown,9b871328e6a3850db15557504e893f472a739863d6091cdc7b7b47bb8e32ae34,77c3a7bc0f4c6dccd2020ddbeeddf1557dc4c26b7e41cdaad50cb4d44f67c5b2,db3v_common_20shot_heldout,1,5942
db3v_common20_r1_725495_13_s06,audio/Cardinalis_cardinalis/db3v_common20_r1_725495_13_s06.wav,1,Cardinalis_cardinalis,DB3V_common_20shot_heldout,r1:725495_13,96000,16000,board_test,source_label,unknown,unknown,dc98f26ce5817ebce3f95f583b7d6d6e349b51dd6f9827612cec7dcb2f3ba72f,966b0cd9f63fa4804e9ea6b3fa3907d1f210a6d0c6b6e40d0325d2a1e9d744a2,db3v_common_20shot_heldout,1,14958
db3v_common20_r1_153402_1_s06,audio/Certhia_americana/db3v_common20_r1_153402_1_s06.wav,2,Certhia_americana,DB3V_common_20shot_heldout,r1:153402_1,96000,16000,board_test,source_label,unknown,unknown,b288ec53eab8f802f68c20160f49efea25a61e08d9f5fadde1436927073a9537,67975b94e1c8b82949887b719e3577a431f651054c212000d7d68d0b4f129731,db3v_common_20shot_heldout,1,16790
db3v_common20_r1_279723_0_s06,audio/Corvus_brachyrhynchos/db3v_common20_r1_279723_0_s06.wav,3,Corvus_brachyrhynchos,DB3V_common_20shot_heldout,r1:279723_0,96000,16000,board_test,source_label,unknown,unknown,1baa33dc161edf3e2cc086bc5dac1ee23235724c6047863bc91141b4bfcb9bf7,df96f99694d4f400a6f33661f5fc9707f2d14c657f3997e06ca875445ec7263c,db3v_common_20shot_heldout,1,20790
db3v_common20_r1_577345_10_s06,audio/Setophaga_aestiva/db3v_common20_r1_577345_10_s06.wav,4,Setophaga_aestiva,DB3V_common_20shot_heldout,r1:577345_10,96000,16000,board_test,source_label,unknown,unknown,b0c94901f1ad478a820fbbac14c082941a51faf643833f224f787d0f59ab2776,738fac4d35144fec233e4422ca0dfb8f1f037fdc77897f36337e2f40e877dbb4,db3v_common_20shot_heldout,1,27166
db3v_common20_r1_193127_19_s06,audio/Setophaga_ruticilla/db3v_common20_r1_193127_19_s06.wav,5,Setophaga_ruticilla,DB3V_common_20shot_heldout,r1:193127_19,96000,16000,board_test,source_label,unknown,unknown,784917d41552ccce3b08da617476303424b5890bf2e6e251b738024bc7bd8857,e0ea739b950f817ffbc825c4d28a8785b5762c85078055b2417ab7368bf40240,db3v_common_20shot_heldout,1,29822
db3v_common20_r1_437593_1_s06,audio/Spinus_tristis/db3v_common20_r1_437593_1_s06.wav,6,Spinus_tristis,DB3V_common_20shot_heldout,r1:437593_1,96000,16000,board_test,source_label,unknown,unknown,bf6345f36f51066355f5c5a20eadb72d982921bfa9b3e1a0fdc50f84d6954bbe,64d6d1a09cc2da1da2d2bbd2d100cce10e1ffbeccc5bbfcabcaeb37d531b00c3,db3v_common_20shot_heldout,1,32382
db3v_common20_r1_378442_3_s06,audio/Turdus_migratorius/db3v_common20_r1_378442_3_s06.wav,7,Turdus_migratorius,DB3V_common_20shot_heldout,r1:378442_3,96000,16000,board_test,source_label,unknown,unknown,91b0896f25c00008fb3489d6e3658e8bb9cdaa94774f3ed371b6c00f0d110ae5,14d6e24685951e205a6f7308218f00fbafdce535701bcd79f6ae2bbfee72994b,db3v_common_20shot_heldout,1,36214
db3v_common20_r1_531004_31_s07,audio/Agelaius_phoeniceus/db3v_common20_r1_531004_31_s07.wav,0,Agelaius_phoeniceus,DB3V_common_20shot_heldout,r1:531004_31,112000,16000,board_test,source_label,unknown,unknown,26d635ca70853f78a38410efbf52a286b37f18317b5d1188c9cd8117ed73abdc,6bd4da9e476a7686a440292562e6df01dedb537314f1c99f43fc0672b0a200c7,db3v_common_20shot_heldout,1,5943
db3v_common20_r1_725495_13_s07,audio/Cardinalis_cardinalis/db3v_common20_r1_725495_13_s07.wav,1,Cardinalis_cardinalis,DB3V_common_20shot_heldout,r1:725495_13,112000,16000,board_test,source_label,unknown,unknown,77452fd51d1cea1bd9b5d75972d0805f74f7bcda49398103733679ff7faa1723,f2ae2185a5e239c2f1c003fa0e7aba63a86aa102b2cc0bddf76bca198cc98ce5,db3v_common_20shot_heldout,1,14959
db3v_common20_r1_153402_1_s07,audio/Certhia_americana/db3v_common20_r1_153402_1_s07.wav,2,Certhia_americana,DB3V_common_20shot_heldout,r1:153402_1,112000,16000,board_test,source_label,unknown,unknown,e788e5bd3588e8066ef10a1c35918911b80bc4878481b0354361683c685cc260,b82e36fee6dedf2fd12f2ad71f3a46ff2787835c6b83272d9633bb0eaf6755c7,db3v_common_20shot_heldout,1,16791
db3v_common20_r1_279723_0_s07,audio/Corvus_brachyrhynchos/db3v_common20_r1_279723_0_s07.wav,3,Corvus_brachyrhynchos,DB3V_common_20shot_heldout,r1:279723_0,112000,16000,board_test,source_label,unknown,unknown,82bbba677dc04c0a81f3d482a17ecdebf61e6e3db90a1cf6e76bd09f61d00ba6,f70d517e5bd7310aeae05f12a07399e47b7b01284dc4ae7334e4172d9e3989d3,db3v_common_20shot_heldout,1,20791
db3v_common20_r1_577345_10_s07,audio/Setophaga_aestiva/db3v_common20_r1_577345_10_s07.wav,4,Setophaga_aestiva,DB3V_common_20shot_heldout,r1:577345_10,112000,16000,board_test,source_label,unknown,unknown,3ef544ba05332d0440206c4ecc9feca99a415baaa934e7a6e16626a797ef94f5,61a69c49906257e1cdbcc47f4905312159fcdec78837368c94563cfa689cf7a1,db3v_common_20shot_heldout,1,27167
db3v_common20_r1_193127_19_s07,audio/Setophaga_ruticilla/db3v_common20_r1_193127_19_s07.wav,5,Setophaga_ruticilla,DB3V_common_20shot_heldout,r1:193127_19,112000,16000,board_test,source_label,unknown,unknown,6bab05980b08e685aaa987c0951953da19426f7891b4d3e396a9b380417a29a5,13c3b6bac05ae13121251ea1c2a607fb79ab4c4a93515e5c5a92a3c4ebd94400,db3v_common_20shot_heldout,1,29823
db3v_common20_r1_437593_1_s07,audio/Spinus_tristis/db3v_common20_r1_437593_1_s07.wav,6,Spinus_tristis,DB3V_common_20shot_heldout,r1:437593_1,112000,16000,board_test,source_label,unknown,unknown,b052f839bb4251721799fd1fa61565e8091fb041c1d2970f39ad714a25fad2d4,032e1ce67cd0a840f32cfb6214e654cd2b220116ec7caa9c81a24a9f9019b5d9,db3v_common_20shot_heldout,1,32383
db3v_common20_r1_378442_3_s07,audio/Turdus_migratorius/db3v_common20_r1_378442_3_s07.wav,7,Turdus_migratorius,DB3V_common_20shot_heldout,r1:378442_3,112000,16000,board_test,source_label,unknown,unknown,871695619d285d0de303b5cc3c6bcc51cbeb0351cf19307f8712746a943f752c,f62d7ae6120d7768280661fd8becb1723b8a2b7ec2ee67d52cfc75d0279d2f70,db3v_common_20shot_heldout,1,36215
db3v_common20_r3_175040_3_s00,audio/Agelaius_phoeniceus/db3v_common20_r3_175040_3_s00.wav,0,Agelaius_phoeniceus,DB3V_common_20shot_heldout,r3:175040_3,0,16000,board_test,source_label,unknown,unknown,26be54116944bda556dec605b635a99c8df06289b5472f7c6fc030cc9417e2cc,15d2febe851a4346379e0e28b953ee2017e68f933989d22ba94951a715e40727,db3v_common_20shot_heldout,3,1312
db3v_common20_r3_542090_1_s00,audio/Cardinalis_cardinalis/db3v_common20_r3_542090_1_s00.wav,1,Cardinalis_cardinalis,DB3V_common_20shot_heldout,r3:542090_1,0,16000,board_test,source_label,unknown,unknown,c8b02c4f09ccb7fdedfa2e5c5ab06b15f9b962ace1c81c7283bf80d10d4c6513,fb723a98a90ab554ecc089628e2ef3c66215b7dc077b1820e0e8f5108deccc13,db3v_common_20shot_heldout,3,12024
db3v_common20_r3_101961_0_s00,audio/Certhia_americana/db3v_common20_r3_101961_0_s00.wav,2,Certhia_americana,DB3V_common_20shot_heldout,r3:101961_0,0,16000,board_test,source_label,unknown,unknown,c4ff82fc79a0a8a25e71db1e8c1269657cccc7b1f277ec234b8a28e2d7fcb6c5,e142e1a26de87f7316cef7a0138b2f62211e013344115c7b932851915614cbf6,db3v_common_20shot_heldout,3,16824
db3v_common20_r3_167792_14_s00,audio/Corvus_brachyrhynchos/db3v_common20_r3_167792_14_s00.wav,3,Corvus_brachyrhynchos,DB3V_common_20shot_heldout,r3:167792_14,0,16000,board_test,source_label,unknown,unknown,b3b52c7e6c315e1e6870e41148064c47041d5e7eab0468216195a6af12433657,fd812caf17d84e215a87e1cb147380e60db152567e5b45d48abb330156809b4a,db3v_common_20shot_heldout,3,18024
db3v_common20_r3_636581_0_s00,audio/Setophaga_aestiva/db3v_common20_r3_636581_0_s00.wav,4,Setophaga_aestiva,DB3V_common_20shot_heldout,r3:636581_0,0,16000,board_test,source_label,unknown,unknown,99c85744eee2a13b241564ef8643f2c6e72d50bfe48a0e2c9c9c39347c8489b3,c9000b1e754003f9068ab4d6682fe2a2ca0900c02f9a9a6ee57d1920ba4cf977,db3v_common_20shot_heldout,3,22328
db3v_common20_r3_382119_4_s00,audio/Setophaga_ruticilla/db3v_common20_r3_382119_4_s00.wav,5,Setophaga_ruticilla,DB3V_common_20shot_heldout,r3:382119_4,0,16000,board_test,source_label,unknown,unknown,0261b9288d21939833b327589b9afe82f5228c4271f8350e464c67813d29d4c0,e9757471627b0958ce6a5f053783e951e34fb2e01363ffcdba3e00660e2c7e5f,db3v_common_20shot_heldout,3,24880
db3v_common20_r3_313678_3_s00,audio/Spinus_tristis/db3v_common20_r3_313678_3_s00.wav,6,Spinus_tristis,DB3V_common_20shot_heldout,r3:313678_3,0,16000,board_test,source_label,unknown,unknown,797773dbf67f12a27f9d6ebf76fcd615e999f88e687a8e7d257deff2a2bed4b2,a0fb0dc9d34dc9fc18f95d2e6c995cc1bbe3922ecfd40fe0b24427cca64e4f96,db3v_common_20shot_heldout,3,28016
db3v_common20_r3_476494_0_s00,audio/Turdus_migratorius/db3v_common20_r3_476494_0_s00.wav,7,Turdus_migratorius,DB3V_common_20shot_heldout,r3:476494_0,0,16000,board_test,source_label,unknown,unknown,6d72cdce410dc77780d82dded0ceeeba089b6a2156c4d3f378cc220be42f92d0,f4cffc8cd30a648bb0bdfb37b0603f6e9e12fd3c95862723bbb8b7ba29ef22a6,db3v_common_20shot_heldout,3,33008
db3v_common20_r3_175040_3_s01,audio/Agelaius_phoeniceus/db3v_common20_r3_175040_3_s01.wav,0,Agelaius_phoeniceus,DB3V_common_20shot_heldout,r3:175040_3,16000,16000,board_test,source_label,unknown,unknown,47b1e7908de4c469355442c728d5fcfefa3659a60bd152109db368b105f737ed,95bd0a3265c9249a500aeed21d7e9d0d368f3f5dc186c4fec877520c5d93e478,db3v_common_20shot_heldout,3,1313
db3v_common20_r3_542090_1_s01,audio/Cardinalis_cardinalis/db3v_common20_r3_542090_1_s01.wav,1,Cardinalis_cardinalis,DB3V_common_20shot_heldout,r3:542090_1,16000,16000,board_test,source_label,unknown,unknown,4c4bdf2df50b299c19db66b0a521ebff8a5c11929cb2ab43055c3c05a0b35a58,7cb7e69d08689f8b644dd4a5900948c4a6a1b451955007d8f2df4b25a6dbdb9e,db3v_common_20shot_heldout,3,12025
db3v_common20_r3_101961_0_s01,audio/Certhia_americana/db3v_common20_r3_101961_0_s01.wav,2,Certhia_americana,DB3V_common_20shot_heldout,r3:101961_0,16000,16000,board_test,source_label,unknown,unknown,7da7b6717cfcd7c5df4d69485289fae7f542a104e6538ccbd6e18e59196a5f92,225ad692865409715ded7b35fabc3a5229b14a1df87e1a3bd8be1c34bb33de11,db3v_common_20shot_heldout,3,16825
db3v_common20_r3_167792_14_s01,audio/Corvus_brachyrhynchos/db3v_common20_r3_167792_14_s01.wav,3,Corvus_brachyrhynchos,DB3V_common_20shot_heldout,r3:167792_14,16000,16000,board_test,source_label,unknown,unknown,7b3f98c3cf9519b393e243795df385e22bf47d59e8e9e09463bf2aab9d55b18f,ac43c2e60be982cc31c26fd0d9322ce0cefb060d8ee249c6d66d8ed2a5a217ca,db3v_common_20shot_heldout,3,18025
db3v_common20_r3_636581_0_s01,audio/Setophaga_aestiva/db3v_common20_r3_636581_0_s01.wav,4,Setophaga_aestiva,DB3V_common_20shot_heldout,r3:636581_0,16000,16000,board_test,source_label,unknown,unknown,290b9a35395f033c3a646d2e7c5a5f1f4bc5887456ef9b0b678267701bfde17c,3dea1648c6c575e3b5f8d6287f61388b53d9af8070c54025e0751d4e4579ec30,db3v_common_20shot_heldout,3,22329
db3v_common20_r3_382119_4_s01,audio/Setophaga_ruticilla/db3v_common20_r3_382119_4_s01.wav,5,Setophaga_ruticilla,DB3V_common_20shot_heldout,r3:382119_4,16000,16000,board_test,source_label,unknown,unknown,f56fd7b93ecdaa07a01ed2dbe7d05ca90231dcd942ca23c71284dff3efb3d6ed,3788f5fd94d420da5fcec2f0abd42a8dda22bf53fe744a502c80eeaff3e271e0,db3v_common_20shot_heldout,3,24881
db3v_common20_r3_313678_3_s01,audio/Spinus_tristis/db3v_common20_r3_313678_3_s01.wav,6,Spinus_tristis,DB3V_common_20shot_heldout,r3:313678_3,16000,16000,board_test,source_label,unknown,unknown,8415885c3a6cf1e7877d69cb11b4a46112fd56c9592ce4acd97e3273d911d882,f83ab808d3d6ef7cdb0469a684b14e8c0aff27915aaba0c6ddb556f0c2070191,db3v_common_20shot_heldout,3,28017
db3v_common20_r3_476494_0_s01,audio/Turdus_migratorius/db3v_common20_r3_476494_0_s01.wav,7,Turdus_migratorius,DB3V_common_20shot_heldout,r3:476494_0,16000,16000,board_test,source_label,unknown,unknown,a89da49f0c510268ac3151c6be78cce56b7f6a5690df4ef69e24fff054b5925b,95bcbffcf8b0efbbbfa5ec7a374a41453e67e5ac56d1edd0320770a3d560c9b3,db3v_common_20shot_heldout,3,33009
db3v_common20_r3_175040_3_s02,audio/Agelaius_phoeniceus/db3v_common20_r3_175040_3_s02.wav,0,Agelaius_phoeniceus,DB3V_common_20shot_heldout,r3:175040_3,32000,16000,board_test,source_label,unknown,unknown,cd8d4098dc2897751ce72465d7e387a2cbf7a7a73be93b1c016d8cc54cb940ab,1bc8460ecdaabb49902c5105eb7cf3160b14c94110ffab468e119723191fe475,db3v_common_20shot_heldout,3,1314
db3v_common20_r3_542090_1_s02,audio/Cardinalis_cardinalis/db3v_common20_r3_542090_1_s02.wav,1,Cardinalis_cardinalis,DB3V_common_20shot_heldout,r3:542090_1,32000,16000,board_test,source_label,unknown,unknown,315f5888cd5f2b1123f4e4a783c38b196b8c544d15a8c1474ee6a0aa3fbd1467,edaa8a5626ebcbf8064593b5ad78954b1927cfb7dd0fbf9da8c3ba06da07cdbe,db3v_common_20shot_heldout,3,12026
db3v_common20_r3_101961_0_s02,audio/Certhia_americana/db3v_common20_r3_101961_0_s02.wav,2,Certhia_americana,DB3V_common_20shot_heldout,r3:101961_0,32000,16000,board_test,source_label,unknown,unknown,1a7740a243f04e27ff908445672e35ab240f9593d0f2ec977d1bbb3e2684e7a3,f1917f1061f10423530087f22fb313f253d593765569682e5edb835a35d9009e,db3v_common_20shot_heldout,3,16826
db3v_common20_r3_167792_14_s02,audio/Corvus_brachyrhynchos/db3v_common20_r3_167792_14_s02.wav,3,Corvus_brachyrhynchos,DB3V_common_20shot_heldout,r3:167792_14,32000,16000,board_test,source_label,unknown,unknown,f1c964eb7e3bc6e48304416d7e95d0f626d7ff3c27d3a9776dea4d5b534ede96,d59c8517204779d7aa4eca835eda857c977b7d3f3ae9294d0ecbc4944372be2f,db3v_common_20shot_heldout,3,18026
db3v_common20_r3_636581_0_s02,audio/Setophaga_aestiva/db3v_common20_r3_636581_0_s02.wav,4,Setophaga_aestiva,DB3V_common_20shot_heldout,r3:636581_0,32000,16000,board_test,source_label,unknown,unknown,a701969c48e0b02291628c70a42b8a68be9fb525c9e3b41173115753e6cd01fb,f34edb0198dd3ae93f0560e30b581ab976debaa16dae68fafc03f0ca4a6a4d02,db3v_common_20shot_heldout,3,22330
db3v_common20_r3_382119_4_s02,audio/Setophaga_ruticilla/db3v_common20_r3_382119_4_s02.wav,5,Setophaga_ruticilla,DB3V_common_20shot_heldout,r3:382119_4,32000,16000,board_test,source_label,unknown,unknown,e418049e2129c2364f8cabdf5dd85c94890324ddac71d7260a3292a28d7cc0f0,aa72f7803624ef6b3d417313609a388137bdf137fa310e4584884189a686fcc6,db3v_common_20shot_heldout,3,24882
db3v_common20_r3_313678_3_s02,audio/Spinus_tristis/db3v_common20_r3_313678_3_s02.wav,6,Spinus_tristis,DB3V_common_20shot_heldout,r3:313678_3,32000,16000,board_test,source_label,unknown,unknown,7724cefd7b2d5ed15e1f6689b22f42e1c98c33bc3c33cdd01614219bbfee7120,b79fad51c23b5a8f55d4fcf0325f4d329be1ba992f7fd60f0ed771749dc248fa,db3v_common_20shot_heldout,3,28018
db3v_common20_r3_476494_0_s02,audio/Turdus_migratorius/db3v_common20_r3_476494_0_s02.wav,7,Turdus_migratorius,DB3V_common_20shot_heldout,r3:476494_0,32000,16000,board_test,source_label,unknown,unknown,05ba9a65f25a1da67073c45554838733115ad1b06ba5d0ad84284439da057321,fca0ac8de16cccf12dd879b725b792e2170cb9ea9684fb9d8c5f26f02b8cc6e0,db3v_common_20shot_heldout,3,33010
db3v_common20_r3_175040_3_s03,audio/Agelaius_phoeniceus/db3v_common20_r3_175040_3_s03.wav,0,Agelaius_phoeniceus,DB3V_common_20shot_heldout,r3:175040_3,48000,16000,board_test,source_label,unknown,unknown,efe9d28326c2de7d485391fd6bb087cf4b2b777d1ef28c14f564bdc2b49a9e10,be64df3c83a9c4b849d6d00ce4e720a6d6e525a08938150d30913e5e3077d4d1,db3v_common_20shot_heldout,3,1315
db3v_common20_r3_542090_1_s03,audio/Cardinalis_cardinalis/db3v_common20_r3_542090_1_s03.wav,1,Cardinalis_cardinalis,DB3V_common_20shot_heldout,r3:542090_1,48000,16000,board_test,source_label,unknown,unknown,0ebbd4fecac1f79871bc20607356e83d079ece9cc132022cbc5fc5e968c977b4,bd493716d5a3b36f2676a4db86348cf49987b20e0a6965caabafc1ca62e0ec38,db3v_common_20shot_heldout,3,12027
db3v_common20_r3_101961_0_s03,audio/Certhia_americana/db3v_common20_r3_101961_0_s03.wav,2,Certhia_americana,DB3V_common_20shot_heldout,r3:101961_0,48000,16000,board_test,source_label,unknown,unknown,5c601191dd6187738ae146a08d6c147606955929cba1626b30dbd438d3404127,fd417d5de8f87096ef63d64e5e197ac615069f9a4fcada3a2cb119fa6a03263f,db3v_common_20shot_heldout,3,16827
db3v_common20_r3_167792_14_s03,audio/Corvus_brachyrhynchos/db3v_common20_r3_167792_14_s03.wav,3,Corvus_brachyrhynchos,DB3V_common_20shot_heldout,r3:167792_14,48000,16000,board_test,source_label,unknown,unknown,bfe21fc480e4eb8fd18a1a956b93d1901abb838b01a254237fe86c65d2a84e30,5301cc536b84acddffa89ba1cedf13a9796ea864b9966fb2ed83afbbc96f8638,db3v_common_20shot_heldout,3,18027
db3v_common20_r3_636581_0_s03,audio/Setophaga_aestiva/db3v_common20_r3_636581_0_s03.wav,4,Setophaga_aestiva,DB3V_common_20shot_heldout,r3:636581_0,48000,16000,board_test,source_label,unknown,unknown,ed28a21b7c6c1a05556bc2ccdecb5410c3f02b5adc0db18a26c77a47f9fbdaac,59498eb194d242a02155402a52e266257b6397c59098301d419d48e32b4be964,db3v_common_20shot_heldout,3,22331
db3v_common20_r3_382119_4_s03,audio/Setophaga_ruticilla/db3v_common20_r3_382119_4_s03.wav,5,Setophaga_ruticilla,DB3V_common_20shot_heldout,r3:382119_4,48000,16000,board_test,source_label,unknown,unknown,a49a9430b764df89507a2846feb24165b4356edd52d61d492cacdd52b0661f64,9719dc9e703720ce988f6e46f781735260fae73a7998156610fee958f3275afd,db3v_common_20shot_heldout,3,24883
db3v_common20_r3_313678_3_s03,audio/Spinus_tristis/db3v_common20_r3_313678_3_s03.wav,6,Spinus_tristis,DB3V_common_20shot_heldout,r3:313678_3,48000,16000,board_test,source_label,unknown,unknown,d792c54567433892e8dbdb5a2fd190ea89ad451cc35ef14fa3d2debcf29fce51,eed4bc583d8b2d21e035751533f9bacd004856f06dec0b70bee6e8290205716e,db3v_common_20shot_heldout,3,28019
db3v_common20_r3_476494_0_s03,audio/Turdus_migratorius/db3v_common20_r3_476494_0_s03.wav,7,Turdus_migratorius,DB3V_common_20shot_heldout,r3:476494_0,48000,16000,board_test,source_label,unknown,unknown,4ef51cf889cf6b082c1247d2b7a1b289dad55c5e3a64fd38ab3f524733fcc782,417b9e7676499963c87218a89ce157f3df852b0bbca6c268d9413bf4abdb3232,db3v_common_20shot_heldout,3,33011
db3v_common20_r3_175040_3_s04,audio/Agelaius_phoeniceus/db3v_common20_r3_175040_3_s04.wav,0,Agelaius_phoeniceus,DB3V_common_20shot_heldout,r3:175040_3,64000,16000,board_test,source_label,unknown,unknown,71e58bcb700e0d04cd96fae509c92bff56f1e1b9fe644717df2f8bc26f8922a3,52791a61b8bad5076a7e500f30b6c96e859c3a62aa98f527bc9ece739f3c8c15,db3v_common_20shot_heldout,3,1316
db3v_common20_r3_542090_1_s04,audio/Cardinalis_cardinalis/db3v_common20_r3_542090_1_s04.wav,1,Cardinalis_cardinalis,DB3V_common_20shot_heldout,r3:542090_1,64000,16000,board_test,source_label,unknown,unknown,fbdf5935d498286a26e258d31781cac99257feb355a41e9ddabc6da279c84785,eadc36c569b2b77fb71c19582551c9550cebcf551b65bba67591bb90a20f75e9,db3v_common_20shot_heldout,3,12028
db3v_common20_r3_101961_0_s04,audio/Certhia_americana/db3v_common20_r3_101961_0_s04.wav,2,Certhia_americana,DB3V_common_20shot_heldout,r3:101961_0,64000,16000,board_test,source_label,unknown,unknown,38a90a00fa85fb0a76981087331015f65c72c42f7a08b2a0ca891f770794980e,d3cc3e95a2d1d8b25f511479688f908dde3387075afba24e9fae96277786b84f,db3v_common_20shot_heldout,3,16828
db3v_common20_r3_167792_14_s04,audio/Corvus_brachyrhynchos/db3v_common20_r3_167792_14_s04.wav,3,Corvus_brachyrhynchos,DB3V_common_20shot_heldout,r3:167792_14,64000,16000,board_test,source_label,unknown,unknown,5af2b7eaedb651a07b70d284ac0a165af631be4b186043d09b4fbb7a512e6e49,456897ac416e1bdef01847e26e8ac33ecb9833d7e0b08ba4d60b553618b1b746,db3v_common_20shot_heldout,3,18028
db3v_common20_r3_636581_0_s04,audio/Setophaga_aestiva/db3v_common20_r3_636581_0_s04.wav,4,Setophaga_aestiva,DB3V_common_20shot_heldout,r3:636581_0,64000,16000,board_test,source_label,unknown,unknown,ec22d2ad7a900dc7060229e1e581913c3aeda15050315d9cd96e9b3d7818b3d4,0e8ffd8ce940c7516c899c402a2c4b03269f9c14ebd13526a2fa53428fba8455,db3v_common_20shot_heldout,3,22332
db3v_common20_r3_382119_4_s04,audio/Setophaga_ruticilla/db3v_common20_r3_382119_4_s04.wav,5,Setophaga_ruticilla,DB3V_common_20shot_heldout,r3:382119_4,64000,16000,board_test,source_label,unknown,unknown,ed4eb87f99de5c80de001577d7a2578874f615b57ed834276014e9a78550d52c,3ad54a6d0f9888a5f0c196e9e628d8ba8fe7d2dfa654ff54865add8bd656fbd2,db3v_common_20shot_heldout,3,24884
db3v_common20_r3_313678_3_s04,audio/Spinus_tristis/db3v_common20_r3_313678_3_s04.wav,6,Spinus_tristis,DB3V_common_20shot_heldout,r3:313678_3,64000,16000,board_test,source_label,unknown,unknown,23958109ccb3182e179ff87145e56ad50774fda88de6a30f1b36a17f4f44a6fd,3542d6da885677606eb99eaf48a1c77322488ffc1d193f452863cdab004ec48f,db3v_common_20shot_heldout,3,28020
db3v_common20_r3_476494_0_s04,audio/Turdus_migratorius/db3v_common20_r3_476494_0_s04.wav,7,Turdus_migratorius,DB3V_common_20shot_heldout,r3:476494_0,64000,16000,board_test,source_label,unknown,unknown,1c821c196b8f8d38e4024722abbb9344dd791cb874e5ca093560c0951c8f2b85,109a1a70c98206200f157935f0375eff17c47e7a64162bf4c0d7d69c1abf1f5d,db3v_common_20shot_heldout,3,33012
db3v_common20_r3_175040_3_s05,audio/Agelaius_phoeniceus/db3v_common20_r3_175040_3_s05.wav,0,Agelaius_phoeniceus,DB3V_common_20shot_heldout,r3:175040_3,80000,16000,board_test,source_label,unknown,unknown,f06470920fc06571236f969d80d414b2039090bbe534b535daa4d113f955cd27,45411ffe84b84e124e3aad4d29cd79e073fd1d6a4de45c021530209b0c4ae735,db3v_common_20shot_heldout,3,1317
db3v_common20_r3_542090_1_s05,audio/Cardinalis_cardinalis/db3v_common20_r3_542090_1_s05.wav,1,Cardinalis_cardinalis,DB3V_common_20shot_heldout,r3:542090_1,80000,16000,board_test,source_label,unknown,unknown,683aee6ca64f83479cfab982c73865755e46cdeab51702e520b6d59a1cc5dbfd,2cd889f6a80a6d9a293c59a6a9578b5f9726c22e2a7984a0677753850ac08faf,db3v_common_20shot_heldout,3,12029
db3v_common20_r3_101961_0_s05,audio/Certhia_americana/db3v_common20_r3_101961_0_s05.wav,2,Certhia_americana,DB3V_common_20shot_heldout,r3:101961_0,80000,16000,board_test,source_label,unknown,unknown,d2bbf782028fa9921ea2d72fc7a2b64d0fca8c4ddb8369a7cb6a389f96ac4db8,575edafe92499f5492c8d9f7d6e62851c37cf6501de533fa999d213d75776b08,db3v_common_20shot_heldout,3,16829
db3v_common20_r3_167792_14_s05,audio/Corvus_brachyrhynchos/db3v_common20_r3_167792_14_s05.wav,3,Corvus_brachyrhynchos,DB3V_common_20shot_heldout,r3:167792_14,80000,16000,board_test,source_label,unknown,unknown,129e760da3bdc3e833d11defb88f8fc549e07fd0d910ddfc74b7d5c22eee9ae3,055349a7b7f1d8c6c21d4dae2bd84f18b399e7e6cfbc47eecc9aa24242639613,db3v_common_20shot_heldout,3,18029
db3v_common20_r3_636581_0_s05,audio/Setophaga_aestiva/db3v_common20_r3_636581_0_s05.wav,4,Setophaga_aestiva,DB3V_common_20shot_heldout,r3:636581_0,80000,16000,board_test,source_label,unknown,unknown,b1f1b99199523a5b7b0b2d4f5a0e9419138eb270c615acca8e9a46bdb00a6e01,35fc8af74c5c2ee69a6b673102155173e0e2f08dd67d69c034d3fa31c1f6be9d,db3v_common_20shot_heldout,3,22333
db3v_common20_r3_382119_4_s05,audio/Setophaga_ruticilla/db3v_common20_r3_382119_4_s05.wav,5,Setophaga_ruticilla,DB3V_common_20shot_heldout,r3:382119_4,80000,16000,board_test,source_label,unknown,unknown,f7ee275355a8d63f4ef47af6d2d3cad01dd0c949f73624b7e0961e9b818a2810,d2f2bcecf162adbd1649e454b91d6e1e84cb291ec04f9f1076dd909cd6cfe106,db3v_common_20shot_heldout,3,24885
db3v_common20_r3_313678_3_s05,audio/Spinus_tristis/db3v_common20_r3_313678_3_s05.wav,6,Spinus_tristis,DB3V_common_20shot_heldout,r3:313678_3,80000,16000,board_test,source_label,unknown,unknown,8da98ad8fe3830f4309b5ce22a346d28c4bc3f2b247b9bd57da58da6dc642e5e,5e2b098c94d97bc8b1943baacf699976f3aa09fb8531c27ea1138f5d4fc48606,db3v_common_20shot_heldout,3,28021
db3v_common20_r3_476494_0_s05,audio/Turdus_migratorius/db3v_common20_r3_476494_0_s05.wav,7,Turdus_migratorius,DB3V_common_20shot_heldout,r3:476494_0,80000,16000,board_test,source_label,unknown,unknown,1a128362afcef5dffd988f5a30cc80abf77687b2cd1daa77e7bb1d7dc2801f68,57a890e3d218806aa1f240a879ba774cf63616d3bc49f77f2340071f151715fc,db3v_common_20shot_heldout,3,33013
db3v_common20_r3_175040_3_s06,audio/Agelaius_phoeniceus/db3v_common20_r3_175040_3_s06.wav,0,Agelaius_phoeniceus,DB3V_common_20shot_heldout,r3:175040_3,96000,16000,board_test,source_label,unknown,unknown,dbff34bd32750831068f9a3a0ed8611b7b9e656b131d6ed8e050998a3850e95a,2b0746b0698c8df94d503dab515812139421363c4b08b4c6fb4863bdc339ec75,db3v_common_20shot_heldout,3,1318
db3v_common20_r3_542090_1_s06,audio/Cardinalis_cardinalis/db3v_common20_r3_542090_1_s06.wav,1,Cardinalis_cardinalis,DB3V_common_20shot_heldout,r3:542090_1,96000,16000,board_test,source_label,unknown,unknown,5e6d034d5379d7b96f3f1b02c1010b8245d9ca98af903e0432260173ebf95c7d,166661b4866615d3475a3ee181c7158f7f29f67143c44efb7de0c1111752a6b3,db3v_common_20shot_heldout,3,12030
db3v_common20_r3_101961_0_s06,audio/Certhia_americana/db3v_common20_r3_101961_0_s06.wav,2,Certhia_americana,DB3V_common_20shot_heldout,r3:101961_0,96000,16000,board_test,source_label,unknown,unknown,137ae4469e2418490d69ed3f8ce7aa9f5a357c246a885f57f4d39b66a191451a,b1ca7586a09764d491c75cce6e1e8ade68460d7a8fd9f913938b0ad602f25897,db3v_common_20shot_heldout,3,16830
db3v_common20_r3_167792_14_s06,audio/Corvus_brachyrhynchos/db3v_common20_r3_167792_14_s06.wav,3,Corvus_brachyrhynchos,DB3V_common_20shot_heldout,r3:167792_14,96000,16000,board_test,source_label,unknown,unknown,5b67f7c39e06008c54ccc4dab9e23abddf541304da24bd35233a370cfd43d344,40b09c02a41ade74caacb84e758c75b0dedae8a31a15f7c6bf63b839ad82fe00,db3v_common_20shot_heldout,3,18030
db3v_common20_r3_636581_0_s06,audio/Setophaga_aestiva/db3v_common20_r3_636581_0_s06.wav,4,Setophaga_aestiva,DB3V_common_20shot_heldout,r3:636581_0,96000,16000,board_test,source_label,unknown,unknown,88eff2bade281269d3238b177eba79cf3b0321701272bfc33870c6a752444aeb,7ed891f849b55c032a18e0a6a6babfda225a7598d5d52a32315df9b71cb73c22,db3v_common_20shot_heldout,3,22334
db3v_common20_r3_382119_4_s06,audio/Setophaga_ruticilla/db3v_common20_r3_382119_4_s06.wav,5,Setophaga_ruticilla,DB3V_common_20shot_heldout,r3:382119_4,96000,16000,board_test,source_label,unknown,unknown,5142cd365f28fee34f2ca471ebff9d3c262bfbcf606a4e47599384c5f0351167,f009a3b4a0f4087bbc0bbf364ffbec4a59aaa124e69efaf687db605aed9913b3,db3v_common_20shot_heldout,3,24886
db3v_common20_r3_313678_3_s06,audio/Spinus_tristis/db3v_common20_r3_313678_3_s06.wav,6,Spinus_tristis,DB3V_common_20shot_heldout,r3:313678_3,96000,16000,board_test,source_label,unknown,unknown,af058f9842857a5c90a63c3de3224cc9c3225632d42cb6dc0ce18685b2e29ba8,763dafaae101319e530b556ba7aba0aa73bafaf96394819ce92ef6e4d584e52e,db3v_common_20shot_heldout,3,28022
db3v_common20_r3_476494_0_s06,audio/Turdus_migratorius/db3v_common20_r3_476494_0_s06.wav,7,Turdus_migratorius,DB3V_common_20shot_heldout,r3:476494_0,96000,16000,board_test,source_label,unknown,unknown,23073e4077110003ec17bef4680f4da630867023384b3eaedfd6a116b600d9a8,ae755a2d67a35aa0da4ca0cbce93985c49ac73eb3de68b4ddb2832b4f3e39602,db3v_common_20shot_heldout,3,33014
db3v_common20_r3_175040_3_s07,audio/Agelaius_phoeniceus/db3v_common20_r3_175040_3_s07.wav,0,Agelaius_phoeniceus,DB3V_common_20shot_heldout,r3:175040_3,112000,16000,board_test,source_label,unknown,unknown,29e6add93f0ec42af6ba62adde6b0bd8e7764f9cea014ec16c27225dc8168a41,eeace99e1348e6ecb7385f48af2a8c51077a5e6485cbd13f86309689346fae70,db3v_common_20shot_heldout,3,1319
db3v_common20_r3_542090_1_s07,audio/Cardinalis_cardinalis/db3v_common20_r3_542090_1_s07.wav,1,Cardinalis_cardinalis,DB3V_common_20shot_heldout,r3:542090_1,112000,16000,board_test,source_label,unknown,unknown,cf3e1fc98fadc739ffcee467a5556f2ba9c4cf8e84acf4956f2f5dd1ac44c3c7,5042aa2fab9e36d5f97540d227dd7305a46219aaf4b4379c26bb0673d13bc05f,db3v_common_20shot_heldout,3,12031
db3v_common20_r3_101961_0_s07,audio/Certhia_americana/db3v_common20_r3_101961_0_s07.wav,2,Certhia_americana,DB3V_common_20shot_heldout,r3:101961_0,112000,16000,board_test,source_label,unknown,unknown,2a730916d70cd4e5c50550b673ea1d32ff3823db2068b1ca873d22970413a729,e9ca9094ab9a2a736873d3d444374b20b8e5c8c6cf7db50f786bf02ee60af0c7,db3v_common_20shot_heldout,3,16831
db3v_common20_r3_167792_14_s07,audio/Corvus_brachyrhynchos/db3v_common20_r3_167792_14_s07.wav,3,Corvus_brachyrhynchos,DB3V_common_20shot_heldout,r3:167792_14,112000,16000,board_test,source_label,unknown,unknown,1aefd8ab16a3c0a43306ee4ec24d9c25bb7dbcf88025f763b9eeb63447dfa65e,1592a8e84cb52941e634b4542643f2458b55e4b0a85e7e1d69a2133646a297ad,db3v_common_20shot_heldout,3,18031
db3v_common20_r3_636581_0_s07,audio/Setophaga_aestiva/db3v_common20_r3_636581_0_s07.wav,4,Setophaga_aestiva,DB3V_common_20shot_heldout,r3:636581_0,112000,16000,board_test,source_label,unknown,unknown,6db63b2a2ec5d0c26219b724b0e55da1777ab20bd9c76a7662d62d19e98e932d,9330db3eb8454aed260d302b0d6f5b7d2f5fd0b3f78b9cfd3156f7b337641384,db3v_common_20shot_heldout,3,22335
db3v_common20_r3_382119_4_s07,audio/Setophaga_ruticilla/db3v_common20_r3_382119_4_s07.wav,5,Setophaga_ruticilla,DB3V_common_20shot_heldout,r3:382119_4,112000,16000,board_test,source_label,unknown,unknown,0a33728de8ae77d607680ff91ed5ec448f11573dd3c64843fc0b6891447fccc1,ac46f6cacf622c334df00a968d12b82d169d2d8c7d165dd55bc6b29e2b022e34,db3v_common_20shot_heldout,3,24887
db3v_common20_r3_313678_3_s07,audio/Spinus_tristis/db3v_common20_r3_313678_3_s07.wav,6,Spinus_tristis,DB3V_common_20shot_heldout,r3:313678_3,112000,16000,board_test,source_label,unknown,unknown,a28cb832a90f389f533df9cae8ff418a41651db80acb8949529c55a41c0ffd87,71cf360db6b86e4d4b982f10ed2fa48d80ef72078876b3f69559e6b9b01a04ef,db3v_common_20shot_heldout,3,28023
db3v_common20_r3_476494_0_s07,audio/Turdus_migratorius/db3v_common20_r3_476494_0_s07.wav,7,Turdus_migratorius,DB3V_common_20shot_heldout,r3:476494_0,112000,16000,board_test,source_label,unknown,unknown,fc6c73f4b0f9fd302f8d07bac4795f4dbbe21cb97a28313e223333d67563a8e5,e3c10f33af3df1e6a21dff16304c74092607fa92187f3dc36a2d22e6ceeb6070,db3v_common_20shot_heldout,3,33015
