manifest_index,sample_id,recording_index,recording_id,source_dataset,source_recording_id,file,expected_label,expected_species,predicted_index,predicted_label,activation,active_class_mask,correct,windows,frontend_elapsed_us,inference_elapsed_us,total_compute_elapsed_us,scores,raw_output_int8
0,xeno_val_1094099_s0000,,,Xeno-canto_validation,1094099,audio/Agelaius_phoeniceus/xeno_val_1094099_s0000.wav,0,Agelaius_phoeniceus,0,Agelaius_phoeniceus,softmax,0x00000000,1,1,252593,2106269,2358862,"[0.8359375,0.02734375,0.00390625,0.02734375,0.06640625,0.0078125,0.01953125,0.015625]","[86,-121,-127,-121,-111,-126,-123,-124]"
1,xeno_val_142555_s0002,,,Xeno-canto_validation,142555,audio/Cardinalis_cardinalis/xeno_val_142555_s0002.wav,1,Cardinalis_cardinalis,1,Cardinalis_cardinalis,softmax,0x00000000,1,1,252221,2106264,2358485,"[0.0,0.99609375,0.0,0.0,0.0,0.0,0.0,0.0]","[-128,127,-128,-128,-128,-128,-128,-128]"
2,xeno_val_160053_s0003,,,Xeno-canto_validation,160053,audio/Certhia_americana/xeno_val_160053_s0003.wav,2,Certhia_americana,0,Agelaius_phoeniceus,softmax,0x00000000,0,1,254410,2106263,2360674,"[0.2890625,0.0625,0.109375,0.03515625,0.2890625,0.1328125,0.04296875,0.03515625]","[-54,-112,-100,-119,-54,-94,-117,-119]"
3,xeno_val_639144_s0002,,,Xeno-canto_validation,639144,audio/Corvus_brachyrhynchos/xeno_val_639144_s0002.wav,3,Corvus_brachyrhynchos,3,Corvus_brachyrhynchos,softmax,0x00000000,1,1,254455,2106251,2360706,"[0.04296875,0.05078125,0.0546875,0.6875,0.0546875,0.0234375,0.06640625,0.01953125]","[-117,-115,-114,48,-114,-122,-111,-123]"
4,xeno_val_91789_s0003,,,Xeno-canto_validation,91789,audio/Setophaga_aestiva/xeno_val_91789_s0003.wav,4,Setophaga_aestiva,0,Agelaius_phoeniceus,softmax,0x00000000,0,1,253581,2106269,2359850,"[0.38671875,0.1015625,0.22265625,0.015625,0.16015625,0.05859375,0.03515625,0.015625]","[-29,-102,-71,-124,-87,-113,-119,-124]"
5,xeno_val_372307_s0002,,,Xeno-canto_validation,372307,audio/Setophaga_ruticilla/xeno_val_372307_s0002.wav,5,Setophaga_ruticilla,4,Setophaga_aestiva,softmax,0x00000000,0,1,254234,2106269,2360504,"[0.140625,0.1015625,0.015625,0.01171875,0.41796875,0.30078125,0.00390625,0.01171875]","[-92,-102,-124,-125,-21,-51,-127,-125]"
6,xeno_val_454621_s0000,,,Xeno-canto_validation,454621,audio/Spinus_tristis/xeno_val_454621_s0000.wav,6,Spinus_tristis,6,Spinus_tristis,softmax,0x00000000,1,1,254587,2106245,2360832,"[0.14453125,0.01171875,0.0,0.04296875,0.01171875,0.0,0.5390625,0.25]","[-91,-125,-128,-117,-125,-128,10,-64]"
7,xeno_val_1012677_s0006,,,Xeno-canto_validation,1012677,audio/Turdus_migratorius/xeno_val_1012677_s0006.wav,7,Turdus_migratorius,0,Agelaius_phoeniceus,softmax,0x00000000,0,1,252872,2106266,2359139,"[0.5,0.20703125,0.0078125,0.03515625,0.078125,0.03125,0.01953125,0.12109375]","[0,-75,-126,-119,-108,-120,-123,-97]"
8,xeno_val_1094099_s0008,,,Xeno-canto_validation,1094099,audio/Agelaius_phoeniceus/xeno_val_1094099_s0008.wav,0,Agelaius_phoeniceus,0,Agelaius_phoeniceus,softmax,0x00000000,1,1,254132,2106265,2360398,"[0.37109375,0.09765625,0.05078125,0.046875,0.171875,0.08984375,0.125,0.05078125]","[-33,-103,-115,-116,-84,-105,-96,-115]"
9,xeno_val_142555_s0005,,,Xeno-canto_validation,142555,audio/Cardinalis_cardinalis/xeno_val_142555_s0005.wav,1,Cardinalis_cardinalis,1,Cardinalis_cardinalis,softmax,0x00000000,1,1,253721,2106275,2359996,"[0.0859375,0.3671875,0.03125,0.09765625,0.16796875,0.13671875,0.046875,0.0625]","[-106,-34,-120,-103,-85,-93,-116,-112]"
10,xeno_val_160053_s0007,,,Xeno-canto_validation,160053,audio/Certhia_americana/xeno_val_160053_s0007.wav,2,Certhia_americana,4,Setophaga_aestiva,softmax,0x00000000,0,1,253733,2106271,2360004,"[0.2578125,0.10546875,0.02734375,0.0625,0.2890625,0.1484375,0.0546875,0.0546875]","[-62,-101,-121,-112,-54,-90,-114,-114]"
11,xeno_val_639144_s0004,,,Xeno-canto_validation,639144,audio/Corvus_brachyrhynchos/xeno_val_639144_s0004.wav,3,Corvus_brachyrhynchos,3,Corvus_brachyrhynchos,softmax,0x00000000,1,1,254193,2106253,2360446,"[0.09375,0.02734375,0.03125,0.68359375,0.06640625,0.01171875,0.06640625,0.015625]","[-104,-121,-120,47,-111,-125,-111,-124]"
12,xeno_val_91789_s0008,,,Xeno-canto_validation,91789,audio/Setophaga_aestiva/xeno_val_91789_s0008.wav,4,Setophaga_aestiva,1,Cardinalis_cardinalis,softmax,0x00000000,0,1,254373,2106270,2360643,"[0.16796875,0.26171875,0.02734375,0.0859375,0.26171875,0.09765625,0.0625,0.0390625]","[-85,-61,-121,-106,-61,-103,-112,-118]"
13,xeno_val_372307_s0004,,,Xeno-canto_validation,372307,audio/Setophaga_ruticilla/xeno_val_372307_s0004.wav,5,Setophaga_ruticilla,4,Setophaga_aestiva,softmax,0x00000000,0,1,253984,2106271,2360255,"[0.23046875,0.10546875,0.09375,0.05078125,0.2578125,0.1484375,0.0859375,0.03125]","[-69,-101,-104,-115,-62,-90,-106,-120]"
14,xeno_val_454621_s0001,,,Xeno-canto_validation,454621,audio/Spinus_tristis/xeno_val_454621_s0001.wav,6,Spinus_tristis,0,Agelaius_phoeniceus,softmax,0x00000000,0,1,253527,2106268,2359796,"[0.5859375,0.07421875,0.01171875,0.04296875,0.140625,0.03125,0.08203125,0.0390625]","[22,-109,-125,-117,-92,-120,-107,-118]"
15,xeno_val_1012677_s0027,,,Xeno-canto_validation,1012677,audio/Turdus_migratorius/xeno_val_1012677_s0027.wav,7,Turdus_migratorius,7,Turdus_migratorius,softmax,0x00000000,1,1,250940,2106252,2357192,"[0.01953125,0.04296875,0.00390625,0.02734375,0.01171875,0.00390625,0.32421875,0.56640625]","[-123,-117,-127,-121,-125,-127,-45,17]"
16,xeno_val_1094099_s0016,,,Xeno-canto_validation,1094099,audio/Agelaius_phoeniceus/xeno_val_1094099_s0016.wav,0,Agelaius_phoeniceus,0,Agelaius_phoeniceus,softmax,0x00000000,1,1,251485,2106267,2357753,"[0.6171875,0.1171875,0.00390625,0.0546875,0.0546875,0.03515625,0.0078125,0.10546875]","[30,-98,-127,-114,-114,-119,-126,-101]"
17,xeno_val_142555_s0009,,,Xeno-canto_validation,142555,audio/Cardinalis_cardinalis/xeno_val_142555_s0009.wav,1,Cardinalis_cardinalis,1,Cardinalis_cardinalis,softmax,0x00000000,1,1,253072,2106265,2359338,"[0.1171875,0.54296875,0.01171875,0.00390625,0.1796875,0.10546875,0.0234375,0.01953125]","[-98,11,-125,-127,-82,-101,-122,-123]"
18,xeno_val_160053_s0011,,,Xeno-canto_validation,160053,audio/Certhia_americana/xeno_val_160053_s0011.wav,2,Certhia_americana,4,Setophaga_aestiva,softmax,0x00000000,0,1,254047,2106264,2360311,"[0.20703125,0.1484375,0.0546875,0.0546875,0.23046875,0.1484375,0.07421875,0.0859375]","[-75,-90,-114,-114,-69,-90,-109,-106]"
19,xeno_val_639144_s0007,,,Xeno-canto_validation,639144,audio/Corvus_brachyrhynchos/xeno_val_639144_s0007.wav,3,Corvus_brachyrhynchos,1,Cardinalis_cardinalis,softmax,0x00000000,0,1,254488,2106264,2360752,"[0.1328125,0.359375,0.03125,0.09765625,0.1328125,0.0703125,0.10546875,0.0703125]","[-94,-36,-120,-103,-94,-110,-101,-110]"
20,xeno_val_91789_s0012,,,Xeno-canto_validation,91789,audio/Setophaga_aestiva/xeno_val_91789_s0012.wav,4,Setophaga_aestiva,0,Agelaius_phoeniceus,softmax,0x00000000,0,1,253980,2106273,2360254,"[0.30078125,0.1953125,0.015625,0.03125,0.2421875,0.15625,0.01953125,0.04296875]","[-51,-78,-124,-120,-66,-88,-123,-117]"
21,xeno_val_372307_s0006,,,Xeno-canto_validation,372307,audio/Setophaga_ruticilla/xeno_val_372307_s0006.wav,5,Setophaga_ruticilla,6,Spinus_tristis,softmax,0x00000000,0,1,255068,2106257,2361326,"[0.13671875,0.08984375,0.05859375,0.05078125,0.171875,0.0703125,0.37109375,0.05859375]","[-93,-105,-113,-115,-84,-110,-33,-113]"
22,xeno_val_454621_s0003,,,Xeno-canto_validation,454621,audio/Spinus_tristis/xeno_val_454621_s0003.wav,6,Spinus_tristis,0,Agelaius_phoeniceus,softmax,0x00000000,0,1,254180,2106260,2360440,"[0.48828125,0.07421875,0.0078125,0.0546875,0.2265625,0.0546875,0.06640625,0.03125]","[-3,-109,-126,-114,-70,-114,-111,-120]"
23,xeno_val_1012677_s0043,,,Xeno-canto_validation,1012677,audio/Turdus_migratorius/xeno_val_1012677_s0043.wav,7,Turdus_migratorius,7,Turdus_migratorius,softmax,0x00000000,1,1,252536,2106247,2358783,"[0.12109375,0.234375,0.00390625,0.01171875,0.05078125,0.015625,0.15234375,0.41015625]","[-97,-68,-127,-125,-115,-124,-89,-23]"
24,xeno_val_1094099_s0024,,,Xeno-canto_validation,1094099,audio/Agelaius_phoeniceus/xeno_val_1094099_s0024.wav,0,Agelaius_phoeniceus,0,Agelaius_phoeniceus,softmax,0x00000000,1,1,254429,2106262,2360691,"[0.71484375,0.015625,0.00390625,0.0859375,0.109375,0.015625,0.03515625,0.015625]","[55,-124,-127,-106,-100,-124,-119,-124]"
25,xeno_val_142555_s0015,,,Xeno-canto_validation,142555,audio/Cardinalis_cardinalis/xeno_val_142555_s0015.wav,1,Cardinalis_cardinalis,1,Cardinalis_cardinalis,softmax,0x00000000,1,1,253916,2106273,2360189,"[0.078125,0.4140625,0.01953125,0.0234375,0.265625,0.125,0.046875,0.03125]","[-108,-22,-123,-122,-60,-96,-116,-120]"
26,xeno_val_160053_s0018,,,Xeno-canto_validation,160053,audio/Certhia_americana/xeno_val_160053_s0018.wav,2,Certhia_americana,4,Setophaga_aestiva,softmax,0x00000000,0,1,253575,2106269,2359844,"[0.1953125,0.08203125,0.05078125,0.11328125,0.21875,0.125,0.140625,0.08203125]","[-78,-107,-115,-99,-72,-96,-92,-107]"
27,xeno_val_639144_s0011,,,Xeno-canto_validation,639144,audio/Corvus_brachyrhynchos/xeno_val_639144_s0011.wav,3,Corvus_brachyrhynchos,3,Corvus_brachyrhynchos,softmax,0x00000000,1,1,254014,2106259,2360273,"[0.27734375,0.14453125,0.01953125,0.38671875,0.08203125,0.0390625,0.03515625,0.0234375]","[-57,-91,-123,-29,-107,-118,-119,-122]"
28,xeno_val_91789_s0018,,,Xeno-canto_validation,91789,audio/Setophaga_aestiva/xeno_val_91789_s0018.wav,4,Setophaga_aestiva,1,Cardinalis_cardinalis,softmax,0x00000000,0,1,253608,2106272,2359880,"[0.046875,0.66015625,0.0,0.0,0.15625,0.125,0.0,0.00390625]","[-116,41,-128,-128,-88,-96,-128,-127]"
29,xeno_val_372307_s0009,,,Xeno-canto_validation,372307,audio/Setophaga_ruticilla/xeno_val_372307_s0009.wav,5,Setophaga_ruticilla,0,Agelaius_phoeniceus,softmax,0x00000000,0,1,253746,2106268,2360014,"[0.62890625,0.0703125,0.00390625,0.0390625,0.1875,0.03515625,0.015625,0.0234375]","[33,-110,-127,-118,-80,-119,-124,-122]"
30,xeno_val_454621_s0004,,,Xeno-canto_validation,454621,audio/Spinus_tristis/xeno_val_454621_s0004.wav,6,Spinus_tristis,1,Cardinalis_cardinalis,softmax,0x00000000,0,1,254527,2106262,2360790,"[0.1796875,0.390625,0.02734375,0.046875,0.12890625,0.07421875,0.0546875,0.09375]","[-82,-28,-121,-116,-95,-109,-114,-104]"
31,xeno_val_1012677_s0058,,,Xeno-canto_validation,1012677,audio/Turdus_migratorius/xeno_val_1012677_s0058.wav,7,Turdus_migratorius,1,Cardinalis_cardinalis,softmax,0x00000000,0,1,248580,2106270,2354850,"[0.0,0.97265625,0.0,0.0,0.0,0.0,0.0,0.02734375]","[-128,121,-128,-128,-128,-128,-128,-121]"
32,xeno_val_1094099_s0029,,,Xeno-canto_validation,1094099,audio/Agelaius_phoeniceus/xeno_val_1094099_s0029.wav,0,Agelaius_phoeniceus,0,Agelaius_phoeniceus,softmax,0x00000000,1,1,252760,2106263,2359024,"[0.30078125,0.125,0.08203125,0.15625,0.125,0.06640625,0.1015625,0.046875]","[-51,-96,-107,-88,-96,-111,-102,-116]"
33,xeno_val_142555_s0016,,,Xeno-canto_validation,142555,audio/Cardinalis_cardinalis/xeno_val_142555_s0016.wav,1,Cardinalis_cardinalis,4,Setophaga_aestiva,softmax,0x00000000,0,1,253687,2106272,2359960,"[0.08984375,0.1015625,0.04296875,0.0390625,0.37890625,0.2421875,0.05078125,0.05859375]","[-105,-102,-117,-118,-31,-66,-115,-113]"
34,xeno_val_160053_s0020,,,Xeno-canto_validation,160053,audio/Certhia_americana/xeno_val_160053_s0020.wav,2,Certhia_americana,0,Agelaius_phoeniceus,softmax,0x00000000,0,1,253579,2106268,2359847,"[0.43359375,0.0390625,0.08203125,0.046875,0.203125,0.1171875,0.05859375,0.01953125]","[-17,-118,-107,-116,-76,-98,-113,-123]"
35,xeno_val_639144_s0017,,,Xeno-canto_validation,639144,audio/Corvus_brachyrhynchos/xeno_val_639144_s0017.wav,3,Corvus_brachyrhynchos,3,Corvus_brachyrhynchos,softmax,0x00000000,1,1,254267,2106261,2360529,"[0.0859375,0.0546875,0.0546875,0.55859375,0.09375,0.0234375,0.10546875,0.0234375]","[-106,-114,-114,15,-104,-122,-101,-122]"
36,xeno_val_91789_s0023,,,Xeno-canto_validation,91789,audio/Setophaga_aestiva/xeno_val_91789_s0023.wav,4,Setophaga_aestiva,0,Agelaius_phoeniceus,softmax,0x00000000,0,1,254143,2106270,2360414,"[0.31640625,0.203125,0.01953125,0.03515625,0.203125,0.10546875,0.046875,0.06640625]","[-47,-76,-123,-119,-76,-101,-116,-111]"
37,xeno_val_372307_s0013,,,Xeno-canto_validation,372307,audio/Setophaga_ruticilla/xeno_val_372307_s0013.wav,5,Setophaga_ruticilla,5,Setophaga_ruticilla,softmax,0x00000000,1,1,252134,2106266,2358401,"[0.0546875,0.06640625,0.0078125,0.00390625,0.3515625,0.4921875,0.00390625,0.01953125]","[-114,-111,-126,-127,-38,-2,-127,-123]"
38,xeno_val_454621_s0005,,,Xeno-canto_validation,454621,audio/Spinus_tristis/xeno_val_454621_s0005.wav,6,Spinus_tristis,0,Agelaius_phoeniceus,softmax,0x00000000,0,1,253997,2106266,2360264,"[0.375,0.30078125,0.01171875,0.0703125,0.109375,0.05859375,0.01953125,0.05859375]","[-32,-51,-125,-110,-100,-113,-123,-113]"
39,xeno_val_1012677_s0071,,,Xeno-canto_validation,1012677,audio/Turdus_migratorius/xeno_val_1012677_s0071.wav,7,Turdus_migratorius,1,Cardinalis_cardinalis,softmax,0x00000000,0,1,247474,2106265,2353740,"[0.0390625,0.57421875,0.0,0.0,0.00390625,0.0,0.0078125,0.37109375]","[-118,19,-128,-128,-127,-128,-126,-33]"
40,xeno_val_1094099_s0043,,,Xeno-canto_validation,1094099,audio/Agelaius_phoeniceus/xeno_val_1094099_s0043.wav,0,Agelaius_phoeniceus,0,Agelaius_phoeniceus,softmax,0x00000000,1,1,254485,2106248,2360734,"[0.97265625,0.0078125,0.0,0.0,0.01171875,0.0,0.0,0.00390625]","[121,-126,-128,-128,-125,-128,-128,-127]"
41,xeno_val_142555_s0022,,,Xeno-canto_validation,142555,audio/Cardinalis_cardinalis/xeno_val_142555_s0022.wav,1,Cardinalis_cardinalis,4,Setophaga_aestiva,softmax,0x00000000,0,1,253925,2106270,2360195,"[0.12109375,0.23828125,0.01953125,0.078125,0.265625,0.2109375,0.02734375,0.03125]","[-97,-67,-123,-108,-60,-74,-121,-120]"
42,xeno_val_160053_s0027,,,Xeno-canto_validation,160053,audio/Certhia_americana/xeno_val_160053_s0027.wav,2,Certhia_americana,4,Setophaga_aestiva,softmax,0x00000000,0,1,253865,2106259,2360125,"[0.26171875,0.2109375,0.01171875,0.01953125,0.32421875,0.09765625,0.03125,0.04296875]","[-61,-74,-125,-123,-45,-103,-120,-117]"
43,xeno_val_639144_s0022,,,Xeno-canto_validation,639144,audio/Corvus_brachyrhynchos/xeno_val_639144_s0022.wav,3,Corvus_brachyrhynchos,3,Corvus_brachyrhynchos,softmax,0x00000000,1,1,253694,2106262,2359956,"[0.1015625,0.04296875,0.0234375,0.671875,0.05859375,0.01171875,0.07421875,0.01171875]","[-102,-117,-122,44,-113,-125,-109,-125]"
44,xeno_val_91789_s0027,,,Xeno-canto_validation,91789,audio/Setophaga_aestiva/xeno_val_91789_s0027.wav,4,Setophaga_aestiva,1,Cardinalis_cardinalis,softmax,0x00000000,0,1,254179,2106269,2360449,"[0.21875,0.53125,0.00390625,0.015625,0.1015625,0.05078125,0.01953125,0.05078125]","[-72,8,-127,-124,-102,-115,-123,-115]"
45,xeno_val_372307_s0015,,,Xeno-canto_validation,372307,audio/Setophaga_ruticilla/xeno_val_372307_s0015.wav,5,Setophaga_ruticilla,0,Agelaius_phoeniceus,softmax,0x00000000,0,1,253899,2106266,2360166,"[0.3125,0.3125,0.0078125,0.02734375,0.1796875,0.1171875,0.0078125,0.03125]","[-48,-48,-126,-121,-82,-98,-126,-120]"
46,xeno_val_454621_s0006,,,Xeno-canto_validation,454621,audio/Spinus_tristis/xeno_val_454621_s0006.wav,6,Spinus_tristis,3,Corvus_brachyrhynchos,softmax,0x00000000,0,1,254117,2106272,2360390,"[0.14453125,0.2265625,0.02734375,0.390625,0.05859375,0.02734375,0.046875,0.07421875]","[-91,-70,-121,-28,-113,-121,-116,-109]"
47,xeno_val_1012677_s0092,,,Xeno-canto_validation,1012677,audio/Turdus_migratorius/xeno_val_1012677_s0092.wav,7,Turdus_migratorius,0,Agelaius_phoeniceus,softmax,0x00000000,0,1,252800,2106260,2359061,"[0.18359375,0.1484375,0.07421875,0.10546875,0.1484375,0.1640625,0.0625,0.1171875]","[-81,-90,-109,-101,-90,-86,-112,-98]"
48,xeno_val_1094099_s0046,,,Xeno-canto_validation,1094099,audio/Agelaius_phoeniceus/xeno_val_1094099_s0046.wav,0,Agelaius_phoeniceus,0,Agelaius_phoeniceus,softmax,0x00000000,1,1,253657,2106267,2359924,"[0.65234375,0.0703125,0.015625,0.05859375,0.1015625,0.04296875,0.03515625,0.02734375]","[39,-110,-124,-113,-102,-117,-119,-121]"
49,xeno_val_142555_s0026,,,Xeno-canto_validation,142555,audio/Cardinalis_cardinalis/xeno_val_142555_s0026.wav,1,Cardinalis_cardinalis,0,Agelaius_phoeniceus,softmax,0x00000000,0,1,253877,2106267,2360145,"[0.265625,0.078125,0.05078125,0.03515625,0.23828125,0.13671875,0.13671875,0.05859375]","[-60,-108,-115,-119,-67,-93,-93,-113]"
50,xeno_val_160053_s0030,,,Xeno-canto_validation,160053,audio/Certhia_americana/xeno_val_160053_s0030.wav,2,Certhia_americana,3,Corvus_brachyrhynchos,softmax,0x00000000,0,1,253954,2106265,2360219,"[0.20703125,0.1328125,0.03515625,0.40234375,0.09765625,0.0703125,0.03515625,0.0234375]","[-75,-94,-119,-25,-103,-110,-119,-122]"
51,xeno_val_639144_s0023,,,Xeno-canto_validation,639144,audio/Corvus_brachyrhynchos/xeno_val_639144_s0023.wav,3,Corvus_brachyrhynchos,0,Agelaius_phoeniceus,softmax,0x00000000,0,1,255156,2106256,2361413,"[0.4375,0.1171875,0.0234375,0.14453125,0.12890625,0.06640625,0.04296875,0.03515625]","[-16,-98,-122,-91,-95,-111,-117,-119]"
52,xeno_val_91789_s0034,,,Xeno-canto_validation,91789,audio/Setophaga_aestiva/xeno_val_91789_s0034.wav,4,Setophaga_aestiva,0,Agelaius_phoeniceus,softmax,0x00000000,0,1,254447,2106272,2360720,"[0.35546875,0.1328125,0.0078125,0.0234375,0.3203125,0.10546875,0.015625,0.0390625]","[-37,-94,-126,-122,-46,-101,-124,-118]"
53,xeno_val_372307_s0018,,,Xeno-canto_validation,372307,audio/Setophaga_ruticilla/xeno_val_372307_s0018.wav,5,Setophaga_ruticilla,1,Cardinalis_cardinalis,softmax,0x00000000,0,1,254002,2106264,2360267,"[0.0390625,0.3203125,0.0703125,0.02734375,0.1484375,0.3203125,0.0234375,0.05078125]","[-118,-46,-110,-121,-90,-46,-122,-115]"
54,xeno_val_454621_s0008,,,Xeno-canto_validation,454621,audio/Spinus_tristis/xeno_val_454621_s0008.wav,6,Spinus_tristis,0,Agelaius_phoeniceus,softmax,0x00000000,0,1,253395,2106266,2359662,"[0.2890625,0.0859375,0.0625,0.12109375,0.16796875,0.10546875,0.12109375,0.05078125]","[-54,-106,-112,-97,-85,-101,-97,-115]"
55,xeno_val_1012677_s0107,,,Xeno-canto_validation,1012677,audio/Turdus_migratorius/xeno_val_1012677_s0107.wav,7,Turdus_migratorius,0,Agelaius_phoeniceus,softmax,0x00000000,0,1,253792,2106271,2360063,"[0.30078125,0.13671875,0.02734375,0.03125,0.30078125,0.13671875,0.03515625,0.03125]","[-51,-93,-121,-120,-51,-93,-119,-120]"
56,xeno_val_1094099_s0052,,,Xeno-canto_validation,1094099,audio/Agelaius_phoeniceus/xeno_val_1094099_s0052.wav,0,Agelaius_phoeniceus,0,Agelaius_phoeniceus,softmax,0x00000000,1,1,253304,2106265,2359569,"[0.78125,0.015625,0.01171875,0.0859375,0.05078125,0.01171875,0.03125,0.01171875]","[72,-124,-125,-106,-115,-125,-120,-125]"
57,xeno_val_142555_s0030,,,Xeno-canto_validation,142555,audio/Cardinalis_cardinalis/xeno_val_142555_s0030.wav,1,Cardinalis_cardinalis,1,Cardinalis_cardinalis,softmax,0x00000000,1,1,252720,2106265,2358985,"[0.0,0.99609375,0.0,0.0,0.0,0.0,0.0,0.0]","[-128,127,-128,-128,-128,-128,-128,-128]"
58,xeno_val_160053_s0034,,,Xeno-canto_validation,160053,audio/Certhia_americana/xeno_val_160053_s0034.wav,2,Certhia_americana,0,Agelaius_phoeniceus,softmax,0x00000000,0,1,251423,2106264,2357687,"[0.421875,0.03125,0.0703125,0.08984375,0.1953125,0.15625,0.01953125,0.01953125]","[-20,-120,-110,-105,-78,-88,-123,-123]"
59,xeno_val_639144_s0030,,,Xeno-canto_validation,639144,audio/Corvus_brachyrhynchos/xeno_val_639144_s0030.wav,3,Corvus_brachyrhynchos,3,Corvus_brachyrhynchos,softmax,0x00000000,1,1,253032,2106266,2359299,"[0.10546875,0.0390625,0.03125,0.625,0.09765625,0.02734375,0.0625,0.01171875]","[-101,-118,-120,32,-103,-121,-112,-125]"
60,xeno_val_91789_s0040,,,Xeno-canto_validation,91789,audio/Setophaga_aestiva/xeno_val_91789_s0040.wav,4,Setophaga_aestiva,1,Cardinalis_cardinalis,softmax,0x00000000,0,1,253726,2106270,2359996,"[0.05859375,0.27734375,0.0390625,0.03125,0.22265625,0.27734375,0.02734375,0.07421875]","[-113,-57,-118,-120,-71,-57,-121,-109]"
61,xeno_val_372307_s0023,,,Xeno-canto_validation,372307,audio/Setophaga_ruticilla/xeno_val_372307_s0023.wav,5,Setophaga_ruticilla,5,Setophaga_ruticilla,softmax,0x00000000,1,1,251588,2106261,2357849,"[0.13671875,0.21484375,0.0234375,0.00390625,0.26953125,0.30078125,0.01171875,0.04296875]","[-93,-73,-122,-127,-59,-51,-125,-117]"
62,xeno_val_454621_s0009,,,Xeno-canto_validation,454621,audio/Spinus_tristis/xeno_val_454621_s0009.wav,6,Spinus_tristis,4,Setophaga_aestiva,softmax,0x00000000,0,1,254119,2106269,2360389,"[0.20703125,0.12109375,0.04296875,0.078125,0.2890625,0.1640625,0.0546875,0.04296875]","[-75,-97,-117,-108,-54,-86,-114,-117]"
63,xeno_val_1012677_s0119,,,Xeno-canto_validation,1012677,audio/Turdus_migratorius/xeno_val_1012677_s0119.wav,7,Turdus_migratorius,3,Corvus_brachyrhynchos,softmax,0x00000000,0,1,253750,2106278,2360028,"[0.0859375,0.20703125,0.0625,0.359375,0.1328125,0.078125,0.0390625,0.03125]","[-106,-75,-112,-36,-94,-108,-118,-120]"
64,db3v_common20_r1_531004_31_s00,,,DB3V_common_20shot_heldout,r1:531004_31,audio/Agelaius_phoeniceus/db3v_common20_r1_531004_31_s00.wav,0,Agelaius_phoeniceus,0,Agelaius_phoeniceus,softmax,0x00000000,1,1,251459,2106266,2357725,"[0.45703125,0.046875,0.0078125,0.00390625,0.234375,0.05078125,0.05078125,0.15234375]","[-11,-116,-126,-127,-68,-115,-115,-89]"
65,db3v_common20_r1_725495_13_s00,,,DB3V_common_20shot_heldout,r1:725495_13,audio/Cardinalis_cardinalis/db3v_common20_r1_725495_13_s00.wav,1,Cardinalis_cardinalis,1,Cardinalis_cardinalis,softmax,0x00000000,1,1,253931,2106275,2360206,"[0.09765625,0.234375,0.0390625,0.234375,0.19140625,0.12109375,0.046875,0.03125]","[-103,-68,-118,-68,-79,-97,-116,-120]"
66,db3v_common20_r1_153402_1_s00,,,DB3V_common_20shot_heldout,r1:153402_1,audio/Certhia_americana/db3v_common20_r1_153402_1_s00.wav,2,Certhia_americana,2,Certhia_americana,softmax,0x00000000,1,1,253042,2106261,2359303,"[0.24609375,0.12890625,0.30859375,0.0078125,0.12890625,0.0546875,0.1015625,0.0234375]","[-65,-95,-49,-126,-95,-114,-102,-122]"
67,db3v_common20_r1_279723_0_s00,,,DB3V_common_20shot_heldout,r1:279723_0,audio/Corvus_brachyrhynchos/db3v_common20_r1_279723_0_s00.wav,3,Corvus_brachyrhynchos,0,Agelaius_phoeniceus,softmax,0x00000000,0,1,253704,2106270,2359975,"[0.37890625,0.07421875,0.04296875,0.1953125,0.140625,0.05078125,0.07421875,0.046875]","[-31,-109,-117,-78,-92,-115,-109,-116]"
68,db3v_common20_r1_577345_10_s00,,,DB3V_common_20shot_heldout,r1:577345_10,audio/Setophaga_aestiva/db3v_common20_r1_577345_10_s00.wav,4,Setophaga_aestiva,6,Spinus_tristis,softmax,0x00000000,0,1,252406,2106255,2358662,"[0.0859375,0.00390625,0.00390625,0.0,0.3515625,0.01171875,0.546875,0.0]","[-106,-127,-127,-128,-38,-125,12,-128]"
69,db3v_common20_r1_193127_19_s00,,,DB3V_common_20shot_heldout,r1:193127_19,audio/Setophaga_ruticilla/db3v_common20_r1_193127_19_s00.wav,5,Setophaga_ruticilla,4,Setophaga_aestiva,softmax,0x00000000,0,1,251924,2106269,2358194,"[0.08984375,0.0390625,0.09765625,0.171875,0.23828125,0.23828125,0.078125,0.046875]","[-105,-118,-103,-84,-67,-67,-108,-116]"
70,db3v_common20_r1_437593_1_s00,,,DB3V_common_20shot_heldout,r1:437593_1,audio/Spinus_tristis/db3v_common20_r1_437593_1_s00.wav,6,Spinus_tristis,0,Agelaius_phoeniceus,softmax,0x00000000,0,1,249339,2106276,2355616,"[0.8984375,0.01171875,0.0,0.0078125,0.015625,0.00390625,0.0,0.0625]","[102,-125,-128,-126,-124,-127,-128,-112]"
71,db3v_common20_r1_378442_3_s00,,,DB3V_common_20shot_heldout,r1:378442_3,audio/Turdus_migratorius/db3v_common20_r1_378442_3_s00.wav,7,Turdus_migratorius,4,Setophaga_aestiva,softmax,0x00000000,0,1,253812,2106269,2360081,"[0.25390625,0.14453125,0.0234375,0.0546875,0.31640625,0.1171875,0.0546875,0.03515625]","[-63,-91,-122,-114,-47,-98,-114,-119]"
72,db3v_common20_r1_531004_31_s01,,,DB3V_common_20shot_heldout,r1:531004_31,audio/Agelaius_phoeniceus/db3v_common20_r1_531004_31_s01.wav,0,Agelaius_phoeniceus,6,Spinus_tristis,softmax,0x00000000,0,1,251448,2106266,2357714,"[0.17578125,0.01171875,0.0,0.0,0.140625,0.00390625,0.58984375,0.08203125]","[-83,-125,-128,-128,-92,-127,23,-107]"
73,db3v_common20_r1_725495_13_s01,,,DB3V_common_20shot_heldout,r1:725495_13,audio/Cardinalis_cardinalis/db3v_common20_r1_725495_13_s01.wav,1,Cardinalis_cardinalis,1,Cardinalis_cardinalis,softmax,0x00000000,1,1,252521,2106256,2358777,"[0.05078125,0.5234375,0.00390625,0.0078125,0.046875,0.03515625,0.03125,0.30078125]","[-115,6,-127,-126,-116,-119,-120,-51]"
74,db3v_common20_r1_153402_1_s01,,,DB3V_common_20shot_heldout,r1:153402_1,audio/Certhia_americana/db3v_common20_r1_153402_1_s01.wav,2,Certhia_americana,4,Setophaga_aestiva,softmax,0x00000000,0,1,251319,2106281,2357601,"[0.140625,0.1953125,0.046875,0.05078125,0.24609375,0.1953125,0.04296875,0.08203125]","[-92,-78,-116,-115,-65,-78,-117,-107]"
75,db3v_common20_r1_279723_0_s01,,,DB3V_common_20shot_heldout,r1:279723_0,audio/Corvus_brachyrhynchos/db3v_common20_r1_279723_0_s01.wav,3,Corvus_brachyrhynchos,5,Setophaga_ruticilla,softmax,0x00000000,0,1,251336,2106264,2357601,"[0.0703125,0.19140625,0.0703125,0.140625,0.15625,0.21484375,0.0625,0.08984375]","[-110,-79,-110,-92,-88,-73,-112,-105]"
76,db3v_common20_r1_577345_10_s01,,,DB3V_common_20shot_heldout,r1:577345_10,audio/Setophaga_aestiva/db3v_common20_r1_577345_10_s01.wav,4,Setophaga_aestiva,4,Setophaga_aestiva,softmax,0x00000000,1,1,247640,2106268,2353908,"[0.015625,0.0078125,0.00390625,0.0,0.51953125,0.03125,0.41796875,0.0078125]","[-124,-126,-127,-128,5,-120,-21,-126]"
77,db3v_common20_r1_193127_19_s01,,,DB3V_common_20shot_heldout,r1:193127_19,audio/Setophaga_ruticilla/db3v_common20_r1_193127_19_s01.wav,5,Setophaga_ruticilla,4,Setophaga_aestiva,softmax,0x00000000,0,1,251714,2106261,2357975,"[0.2421875,0.046875,0.046875,0.125,0.3046875,0.17578125,0.04296875,0.015625]","[-66,-116,-116,-96,-50,-83,-117,-124]"
78,db3v_common20_r1_437593_1_s01,,,DB3V_common_20shot_heldout,r1:437593_1,audio/Spinus_tristis/db3v_common20_r1_437593_1_s01.wav,6,Spinus_tristis,0,Agelaius_phoeniceus,softmax,0x00000000,0,1,254371,2106258,2360630,"[0.85546875,0.04296875,0.0,0.0,0.0625,0.0078125,0.0078125,0.0234375]","[91,-117,-128,-128,-112,-126,-126,-122]"
79,db3v_common20_r1_378442_3_s01,,,DB3V_common_20shot_heldout,r1:378442_3,audio/Turdus_migratorius/db3v_common20_r1_378442_3_s01.wav,7,Turdus_migratorius,0,Agelaius_phoeniceus,softmax,0x00000000,0,1,250404,2106268,2356672,"[0.8984375,0.01953125,0.0,0.0,0.01953125,0.0,0.0,0.05859375]","[102,-123,-128,-128,-123,-128,-128,-113]"
80,db3v_common20_r1_531004_31_s02,,,DB3V_common_20shot_heldout,r1:531004_31,audio/Agelaius_phoeniceus/db3v_common20_r1_531004_31_s02.wav,0,Agelaius_phoeniceus,0,Agelaius_phoeniceus,softmax,0x00000000,1,1,253191,2106266,2359457,"[0.73046875,0.03515625,0.0,0.0,0.1953125,0.03515625,0.00390625,0.00390625]","[59,-119,-128,-128,-78,-119,-127,-127]"
81,db3v_common20_r1_725495_13_s02,,,DB3V_common_20shot_heldout,r1:725495_13,audio/Cardinalis_cardinalis/db3v_common20_r1_725495_13_s02.wav,1,Cardinalis_cardinalis,6,Spinus_tristis,softmax,0x00000000,0,1,252292,2106256,2358549,"[0.03125,0.21484375,0.01171875,0.0078125,0.19140625,0.078125,0.375,0.08984375]","[-120,-73,-125,-126,-79,-108,-32,-105]"
82,db3v_common20_r1_153402_1_s02,,,DB3V_common_20shot_heldout,r1:153402_1,audio/Certhia_americana/db3v_common20_r1_153402_1_s02.wav,2,Certhia_americana,1,Cardinalis_cardinalis,softmax,0x00000000,0,1,252706,2106270,2358976,"[0.09375,0.4375,0.03125,0.046875,0.1640625,0.14453125,0.02734375,0.0546875]","[-104,-16,-120,-116,-86,-91,-121,-114]"
83,db3v_common20_r1_279723_0_s02,,,DB3V_common_20shot_heldout,r1:279723_0,audio/Corvus_brachyrhynchos/db3v_common20_r1_279723_0_s02.wav,3,Corvus_brachyrhynchos,0,Agelaius_phoeniceus,softmax,0x00000000,0,1,253254,2106277,2359532,"[0.28125,0.12890625,0.03125,0.28125,0.14453125,0.046875,0.04296875,0.03515625]","[-56,-95,-120,-56,-91,-116,-117,-119]"
84,db3v_common20_r1_577345_10_s02,,,DB3V_common_20shot_heldout,r1:577345_10,audio/Setophaga_aestiva/db3v_common20_r1_577345_10_s02.wav,4,Setophaga_aestiva,0,Agelaius_phoeniceus,softmax,0x00000000,0,1,253432,2106277,2359709,"[0.34375,0.1953125,0.01171875,0.03515625,0.24609375,0.1015625,0.03515625,0.03515625]","[-40,-78,-125,-119,-65,-102,-119,-119]"
85,db3v_common20_r1_193127_19_s02,,,DB3V_common_20shot_heldout,r1:193127_19,audio/Setophaga_ruticilla/db3v_common20_r1_193127_19_s02.wav,5,Setophaga_ruticilla,4,Setophaga_aestiva,softmax,0x00000000,0,1,251136,2106274,2357411,"[0.10546875,0.25390625,0.02734375,0.01953125,0.28125,0.18359375,0.0546875,0.07421875]","[-101,-63,-121,-123,-56,-81,-114,-109]"
86,db3v_common20_r1_437593_1_s02,,,DB3V_common_20shot_heldout,r1:437593_1,audio/Spinus_tristis/db3v_common20_r1_437593_1_s02.wav,6,Spinus_tristis,7,Turdus_migratorius,softmax,0x00000000,0,1,246064,2106251,2352316,"[0.03125,0.05859375,0.0,0.015625,0.0078125,0.0,0.27734375,0.60546875]","[-120,-113,-128,-124,-126,-128,-57,27]"
87,db3v_common20_r1_378442_3_s02,,,DB3V_common_20shot_heldout,r1:378442_3,audio/Turdus_migratorius/db3v_common20_r1_378442_3_s02.wav,7,Turdus_migratorius,0,Agelaius_phoeniceus,softmax,0x00000000,0,1,253916,2106274,2360191,"[0.5859375,0.04296875,0.0078125,0.15625,0.11328125,0.03125,0.05078125,0.01171875]","[22,-117,-126,-88,-99,-120,-115,-125]"
88,db3v_common20_r1_531004_31_s03,,,DB3V_common_20shot_heldout,r1:531004_31,audio/Agelaius_phoeniceus/db3v_common20_r1_531004_31_s03.wav,0,Agelaius_phoeniceus,0,Agelaius_phoeniceus,softmax,0x00000000,1,1,250513,2106264,2356778,"[0.875,0.04296875,0.0,0.0,0.0390625,0.00390625,0.00390625,0.03125]","[96,-117,-128,-128,-118,-127,-127,-120]"
89,db3v_common20_r1_725495_13_s03,,,DB3V_common_20shot_heldout,r1:725495_13,audio/Cardinalis_cardinalis/db3v_common20_r1_725495_13_s03.wav,1,Cardinalis_cardinalis,1,Cardinalis_cardinalis,softmax,0x00000000,1,1,249119,2106259,2355379,"[0.0390625,0.703125,0.0,0.0078125,0.01953125,0.01171875,0.0078125,0.2109375]","[-118,52,-128,-126,-123,-125,-126,-74]"
90,db3v_common20_r1_153402_1_s03,,,DB3V_common_20shot_heldout,r1:153402_1,audio/Certhia_americana/db3v_common20_r1_153402_1_s03.wav,2,Certhia_americana,3,Corvus_brachyrhynchos,softmax,0x00000000,0,1,253650,2106275,2359926,"[0.078125,0.20703125,0.05078125,0.359375,0.12109375,0.12109375,0.04296875,0.02734375]","[-108,-75,-115,-36,-97,-97,-117,-121]"
91,db3v_common20_r1_279723_0_s03,,,DB3V_common_20shot_heldout,r1:279723_0,audio/Corvus_brachyrhynchos/db3v_common20_r1_279723_0_s03.wav,3,Corvus_brachyrhynchos,3,Corvus_brachyrhynchos,softmax,0x00000000,1,1,255194,2106255,2361450,"[0.21484375,0.109375,0.01953125,0.41796875,0.0625,0.03515625,0.046875,0.08984375]","[-73,-100,-123,-21,-112,-119,-116,-105]"
92,db3v_common20_r1_577345_10_s03,,,DB3V_common_20shot_heldout,r1:577345_10,audio/Setophaga_aestiva/db3v_common20_r1_577345_10_s03.wav,4,Setophaga_aestiva,1,Cardinalis_cardinalis,softmax,0x00000000,0,1,253842,2106267,2360110,"[0.0390625,0.671875,0.0234375,0.04296875,0.08203125,0.06640625,0.0234375,0.0546875]","[-118,44,-122,-117,-107,-111,-122,-114]"
93,db3v_common20_r1_193127_19_s03,,,DB3V_common_20shot_heldout,r1:193127_19,audio/Setophaga_ruticilla/db3v_common20_r1_193127_19_s03.wav,5,Setophaga_ruticilla,5,Setophaga_ruticilla,softmax,0x00000000,1,1,249564,2106273,2355837,"[0.01953125,0.27734375,0.03515625,0.01171875,0.11328125,0.48046875,0.0078125,0.0546875]","[-123,-57,-119,-125,-99,-5,-126,-114]"
94,db3v_common20_r1_437593_1_s03,,,DB3V_common_20shot_heldout,r1:437593_1,audio/Spinus_tristis/db3v_common20_r1_437593_1_s03.wav,6,Spinus_tristis,0,Agelaius_phoeniceus,softmax,0x00000000,0,1,250411,2106268,2356680,"[0.46875,0.30078125,0.0,0.03125,0.015625,0.00390625,0.0078125,0.171875]","[-8,-51,-128,-120,-124,-127,-126,-84]"
95,db3v_common20_r1_378442_3_s03,,,DB3V_common_20shot_heldout,r1:378442_3,audio/Turdus_migratorius/db3v_common20_r1_378442_3_s03.wav,7,Turdus_migratorius,0,Agelaius_phoeniceus,softmax,0x00000000,0,1,253769,2106272,2360041,"[0.19140625,0.19140625,0.046875,0.13671875,0.19140625,0.12109375,0.0625,0.0625]","[-79,-79,-116,-93,-79,-97,-112,-112]"
96,db3v_common20_r1_531004_31_s04,,,DB3V_common_20shot_heldout,r1:531004_31,audio/Agelaius_phoeniceus/db3v_common20_r1_531004_31_s04.wav,0,Agelaius_phoeniceus,5,Setophaga_ruticilla,softmax,0x00000000,0,1,253962,2106257,2360220,"[0.125,0.05078125,0.11328125,0.015625,0.1953125,0.26953125,0.171875,0.05859375]","[-96,-115,-99,-124,-78,-59,-84,-113]"
97,db3v_common20_r1_725495_13_s04,,,DB3V_common_20shot_heldout,r1:725495_13,audio/Cardinalis_cardinalis/db3v_common20_r1_725495_13_s04.wav,1,Cardinalis_cardinalis,0,Agelaius_phoeniceus,softmax,0x00000000,0,1,253565,2106274,2359840,"[0.3125,0.3125,0.00390625,0.01953125,0.25,0.08203125,0.0078125,0.015625]","[-48,-48,-127,-123,-64,-107,-126,-124]"
98,db3v_common20_r1_153402_1_s04,,,DB3V_common_20shot_heldout,r1:153402_1,audio/Certhia_americana/db3v_common20_r1_153402_1_s04.wav,2,Certhia_americana,4,Setophaga_aestiva,softmax,0x00000000,0,1,253385,2106271,2359657,"[0.171875,0.171875,0.19140625,0.015625,0.23828125,0.15234375,0.03515625,0.0234375]","[-84,-84,-79,-124,-67,-89,-119,-122]"
99,db3v_common20_r1_279723_0_s04,,,DB3V_common_20shot_heldout,r1:279723_0,audio/Corvus_brachyrhynchos/db3v_common20_r1_279723_0_s04.wav,3,Corvus_brachyrhynchos,3,Corvus_brachyrhynchos,softmax,0x00000000,1,1,252499,2106265,2358764,"[0.13671875,0.078125,0.03515625,0.4140625,0.109375,0.05078125,0.078125,0.08984375]","[-93,-108,-119,-22,-100,-115,-108,-105]"
100,db3v_common20_r1_577345_10_s04,,,DB3V_common_20shot_heldout,r1:577345_10,audio/Setophaga_aestiva/db3v_common20_r1_577345_10_s04.wav,4,Setophaga_aestiva,1,Cardinalis_cardinalis,softmax,0x00000000,0,1,252028,2106281,2358309,"[0.03125,0.71875,0.0078125,0.01171875,0.078125,0.109375,0.0078125,0.03125]","[-120,56,-126,-125,-108,-100,-126,-120]"
101,db3v_common20_r1_193127_19_s04,,,DB3V_common_20shot_heldout,r1:193127_19,audio/Setophaga_ruticilla/db3v_common20_r1_193127_19_s04.wav,5,Setophaga_ruticilla,4,Setophaga_aestiva,softmax,0x00000000,0,1,254183,2106265,2360449,"[0.14453125,0.10546875,0.015625,0.0234375,0.48828125,0.1171875,0.07421875,0.02734375]","[-91,-101,-124,-122,-3,-98,-109,-121]"
102,db3v_common20_r1_437593_1_s04,,,DB3V_common_20shot_heldout,r1:437593_1,audio/Spinus_tristis/db3v_common20_r1_437593_1_s04.wav,6,Spinus_tristis,0,Agelaius_phoeniceus,softmax,0x00000000,0,1,249612,2106253,2355866,"[0.46484375,0.109375,0.01953125,0.109375,0.13671875,0.0625,0.0625,0.03125]","[-9,-100,-123,-100,-93,-112,-112,-120]"
103,db3v_common20_r1_378442_3_s04,,,DB3V_common_20shot_heldout,r1:378442_3,audio/Turdus_migratorius/db3v_common20_r1_378442_3_s04.wav,7,Turdus_migratorius,0,Agelaius_phoeniceus,softmax,0x00000000,0,1,254514,2106267,2360781,"[0.296875,0.171875,0.02734375,0.109375,0.21484375,0.078125,0.05078125,0.05078125]","[-52,-84,-121,-100,-73,-108,-115,-115]"
104,db3v_common20_r1_531004_31_s05,,,DB3V_common_20shot_heldout,r1:531004_31,audio/Agelaius_phoeniceus/db3v_common20_r1_531004_31_s05.wav,0,Agelaius_phoeniceus,0,Agelaius_phoeniceus,softmax,0x00000000,1,1,251997,2106259,2358257,"[0.9296875,0.00390625,0.0078125,0.0078125,0.0234375,0.015625,0.00390625,0.0078125]","[110,-127,-126,-126,-122,-124,-127,-126]"
105,db3v_common20_r1_725495_13_s05,,,DB3V_common_20shot_heldout,r1:725495_13,audio/Cardinalis_cardinalis/db3v_common20_r1_725495_13_s05.wav,1,Cardinalis_cardinalis,0,Agelaius_phoeniceus,softmax,0x00000000,0,1,253292,2106272,2359564,"[0.51953125,0.08984375,0.01171875,0.140625,0.140625,0.03515625,0.03515625,0.02734375]","[5,-105,-125,-92,-92,-119,-119,-121]"
106,db3v_common20_r1_153402_1_s05,,,DB3V_common_20shot_heldout,r1:153402_1,audio/Certhia_americana/db3v_common20_r1_153402_1_s05.wav,2,Certhia_americana,2,Certhia_americana,softmax,0x00000000,1,1,254055,2106269,2360325,"[0.15625,0.08984375,0.421875,0.00390625,0.140625,0.17578125,0.00390625,0.01171875]","[-88,-105,-20,-127,-92,-83,-127,-125]"
107,db3v_common20_r1_279723_0_s05,,,DB3V_common_20shot_heldout,r1:279723_0,audio/Corvus_brachyrhynchos/db3v_common20_r1_279723_0_s05.wav,3,Corvus_brachyrhynchos,3,Corvus_brachyrhynchos,softmax,0x00000000,1,1,249232,2106251,2355483,"[0.00390625,0.0,0.0,0.9921875,0.0,0.0,0.0,0.0]","[-127,-128,-128,126,-128,-128,-128,-128]"
108,db3v_common20_r1_577345_10_s05,,,DB3V_common_20shot_heldout,r1:577345_10,audio/Setophaga_aestiva/db3v_common20_r1_577345_10_s05.wav,4,Setophaga_aestiva,1,Cardinalis_cardinalis,softmax,0x00000000,0,1,252747,2106278,2359025,"[0.02734375,0.78515625,0.0078125,0.01953125,0.0546875,0.0546875,0.0078125,0.03515625]","[-121,73,-126,-123,-114,-114,-126,-119]"
109,db3v_common20_r1_193127_19_s05,,,DB3V_common_20shot_heldout,r1:193127_19,audio/Setophaga_ruticilla/db3v_common20_r1_193127_19_s05.wav,5,Setophaga_ruticilla,1,Cardinalis_cardinalis,softmax,0x00000000,0,1,250278,2106277,2356556,"[0.140625,0.37890625,0.00390625,0.015625,0.1953125,0.21875,0.01953125,0.03125]","[-92,-31,-127,-124,-78,-72,-123,-120]"
110,db3v_common20_r1_437593_1_s05,,,DB3V_common_20shot_heldout,r1:437593_1,audio/Spinus_tristis/db3v_common20_r1_437593_1_s05.wav,6,Spinus_tristis,0,Agelaius_phoeniceus,softmax,0x00000000,0,1,253073,2106261,2359334,"[0.765625,0.0234375,0.00390625,0.0234375,0.07421875,0.01171875,0.02734375,0.06640625]","[68,-122,-127,-122,-109,-125,-121,-111]"
111,db3v_common20_r1_378442_3_s05,,,DB3V_common_20shot_heldout,r1:378442_3,audio/Turdus_migratorius/db3v_common20_r1_378442_3_s05.wav,7,Turdus_migratorius,0,Agelaius_phoeniceus,softmax,0x00000000,0,1,252980,2106256,2359237,"[0.515625,0.21484375,0.0,0.0078125,0.02734375,0.0078125,0.0078125,0.21484375]","[4,-73,-128,-126,-121,-126,-126,-73]"
112,db3v_common20_r1_531004_31_s06,,,DB3V_common_20shot_heldout,r1:531004_31,audio/Agelaius_phoeniceus/db3v_common20_r1_531004_31_s06.wav,0,Agelaius_phoeniceus,7,Turdus_migratorius,softmax,0x00000000,0,1,249989,2106268,2356258,"[0.0390625,0.03515625,0.0,0.0078125,0.00390625,0.00390625,0.02734375,0.87890625]","[-118,-119,-128,-126,-127,-127,-121,97]"
113,db3v_common20_r1_725495_13_s06,,,DB3V_common_20shot_heldout,r1:725495_13,audio/Cardinalis_cardinalis/db3v_common20_r1_725495_13_s06.wav,1,Cardinalis_cardinalis,1,Cardinalis_cardinalis,softmax,0x00000000,1,1,251432,2106251,2357683,"[0.0390625,0.6953125,0.015625,0.0078125,0.0859375,0.0703125,0.0390625,0.05078125]","[-118,50,-124,-126,-106,-110,-118,-115]"
114,db3v_common20_r1_153402_1_s06,,,DB3V_common_20shot_heldout,r1:153402_1,audio/Certhia_americana/db3v_common20_r1_153402_1_s06.wav,2,Certhia_americana,4,Setophaga_aestiva,softmax,0x00000000,0,1,253848,2106274,2360122,"[0.15234375,0.2109375,0.015625,0.01953125,0.32421875,0.2109375,0.03125,0.03515625]","[-89,-74,-124,-123,-45,-74,-120,-119]"
115,db3v_common20_r1_279723_0_s06,,,DB3V_common_20shot_heldout,r1:279723_0,audio/Corvus_brachyrhynchos/db3v_common20_r1_279723_0_s06.wav,3,Corvus_brachyrhynchos,3,Corvus_brachyrhynchos,softmax,0x00000000,1,1,247335,2106258,2353594,"[0.01953125,0.00390625,0.00390625,0.9453125,0.00390625,0.0,0.01953125,0.00390625]","[-123,-127,-127,114,-127,-128,-123,-127]"
116,db3v_common20_r1_577345_10_s06,,,DB3V_common_20shot_heldout,r1:577345_10,audio/Setophaga_aestiva/db3v_common20_r1_577345_10_s06.wav,4,Setophaga_aestiva,4,Setophaga_aestiva,softmax,0x00000000,1,1,253285,2106276,2359562,"[0.0625,0.2890625,0.00390625,0.0078125,0.32421875,0.2890625,0.01171875,0.0078125]","[-112,-54,-127,-126,-45,-54,-125,-126]"
117,db3v_common20_r1_193127_19_s06,,,DB3V_common_20shot_heldout,r1:193127_19,audio/Setophaga_ruticilla/db3v_common20_r1_193127_19_s06.wav,5,Setophaga_ruticilla,0,Agelaius_phoeniceus,softmax,0x00000000,0,1,254157,2106262,2360419,"[0.40625,0.00390625,0.01171875,0.0078125,0.40625,0.12109375,0.03515625,0.0078125]","[-24,-127,-125,-126,-24,-97,-119,-126]"
118,db3v_common20_r1_437593_1_s06,,,DB3V_common_20shot_heldout,r1:437593_1,audio/Spinus_tristis/db3v_common20_r1_437593_1_s06.wav,6,Spinus_tristis,0,Agelaius_phoeniceus,softmax,0x00000000,0,1,250484,2106268,2356752,"[0.58203125,0.125,0.00390625,0.015625,0.0625,0.015625,0.0703125,0.125]","[21,-96,-127,-124,-112,-124,-110,-96]"
119,db3v_common20_r1_378442_3_s06,,,DB3V_common_20shot_heldout,r1:378442_3,audio/Turdus_migratorius/db3v_common20_r1_378442_3_s06.wav,7,Turdus_migratorius,1,Cardinalis_cardinalis,softmax,0x00000000,0,1,244986,2106258,2351244,"[0.01953125,0.91796875,0.0,0.0,0.0,0.0,0.0,0.05859375]","[-123,107,-128,-128,-128,-128,-128,-113]"
120,db3v_common20_r1_531004_31_s07,,,DB3V_common_20shot_heldout,r1:531004_31,audio/Agelaius_phoeniceus/db3v_common20_r1_531004_31_s07.wav,0,Agelaius_phoeniceus,0,Agelaius_phoeniceus,softmax,0x00000000,1,1,254202,2106259,2360461,"[0.7890625,0.03515625,0.00390625,0.01953125,0.0703125,0.01953125,0.01953125,0.0390625]","[74,-119,-127,-123,-110,-123,-123,-118]"
121,db3v_common20_r1_725495_13_s07,,,DB3V_common_20shot_heldout,r1:725495_13,audio/Cardinalis_cardinalis/db3v_common20_r1_725495_13_s07.wav,1,Cardinalis_cardinalis,1,Cardinalis_cardinalis,softmax,0x00000000,1,1,250902,2106258,2357161,"[0.0,0.7890625,0.00390625,0.0,0.09765625,0.0859375,0.015625,0.00390625]","[-128,74,-127,-128,-103,-106,-124,-127]"
122,db3v_common20_r1_153402_1_s07,,,DB3V_common_20shot_heldout,r1:153402_1,audio/Certhia_americana/db3v_common20_r1_153402_1_s07.wav,2,Certhia_americana,2,Certhia_americana,softmax,0x00000000,1,1,253031,2106263,2359295,"[0.10546875,0.25390625,0.44140625,0.00390625,0.10546875,0.06640625,0.01171875,0.01171875]","[-101,-63,-15,-127,-101,-111,-125,-125]"
123,db3v_common20_r1_279723_0_s07,,,DB3V_common_20shot_heldout,r1:279723_0,audio/Corvus_brachyrhynchos/db3v_common20_r1_279723_0_s07.wav,3,Corvus_brachyrhynchos,3,Corvus_brachyrhynchos,softmax,0x00000000,1,1,253626,2106254,2359880,"[0.06640625,0.015625,0.00390625,0.83984375,0.015625,0.0,0.046875,0.015625]","[-111,-124,-127,87,-124,-128,-116,-124]"
124,db3v_common20_r1_577345_10_s07,,,DB3V_common_20shot_heldout,r1:577345_10,audio/Setophaga_aestiva/db3v_common20_r1_577345_10_s07.wav,4,Setophaga_aestiva,0,Agelaius_phoeniceus,softmax,0x00000000,0,1,253050,2106265,2359316,"[0.25,0.09375,0.07421875,0.09375,0.16015625,0.1171875,0.06640625,0.14453125]","[-64,-104,-109,-104,-87,-98,-111,-91]"
125,db3v_common20_r1_193127_19_s07,,,DB3V_common_20shot_heldout,r1:193127_19,audio/Setophaga_ruticilla/db3v_common20_r1_193127_19_s07.wav,5,Setophaga_ruticilla,4,Setophaga_aestiva,softmax,0x00000000,0,1,249507,2106280,2355787,"[0.0703125,0.09765625,0.0,0.0,0.453125,0.36328125,0.00390625,0.0078125]","[-110,-103,-128,-128,-12,-35,-127,-126]"
126,db3v_common20_r1_437593_1_s07,,,DB3V_common_20shot_heldout,r1:437593_1,audio/Spinus_tristis/db3v_common20_r1_437593_1_s07.wav,6,Spinus_tristis,0,Agelaius_phoeniceus,softmax,0x00000000,0,1,254039,2106255,2360294,"[0.8515625,0.02734375,0.0,0.04296875,0.0234375,0.0,0.02734375,0.0234375]","[90,-121,-128,-117,-122,-128,-121,-122]"
127,db3v_common20_r1_378442_3_s07,,,DB3V_common_20shot_heldout,r1:378442_3,audio/Turdus_migratorius/db3v_common20_r1_378442_3_s07.wav,7,Turdus_migratorius,0,Agelaius_phoeniceus,softmax,0x00000000,0,1,253457,2106270,2359727,"[0.30859375,0.1796875,0.0234375,0.08203125,0.19921875,0.09375,0.06640625,0.046875]","[-49,-82,-122,-107,-77,-104,-111,-116]"
128,db3v_common20_r3_175040_3_s00,,,DB3V_common_20shot_heldout,r3:175040_3,audio/Agelaius_phoeniceus/db3v_common20_r3_175040_3_s00.wav,0,Agelaius_phoeniceus,1,Cardinalis_cardinalis,softmax,0x00000000,0,1,253748,2106268,2360017,"[0.09765625,0.5703125,0.0078125,0.0390625,0.0859375,0.046875,0.109375,0.0390625]","[-103,18,-126,-118,-106,-116,-100,-118]"
129,db3v_common20_r3_542090_1_s00,,,DB3V_common_20shot_heldout,r3:542090_1,audio/Cardinalis_cardinalis/db3v_common20_r3_542090_1_s00.wav,1,Cardinalis_cardinalis,4,Setophaga_aestiva,softmax,0x00000000,0,1,252973,2106267,2359241,"[0.09765625,0.078125,0.03125,0.01953125,0.40625,0.234375,0.0859375,0.04296875]","[-103,-108,-120,-123,-24,-68,-106,-117]"
130,db3v_common20_r3_101961_0_s00,,,DB3V_common_20shot_heldout,r3:101961_0,audio/Certhia_americana/db3v_common20_r3_101961_0_s00.wav,2,Certhia_americana,1,Cardinalis_cardinalis,softmax,0x00000000,0,1,254574,2106254,2360828,"[0.01953125,0.5390625,0.19921875,0.00390625,0.11328125,0.11328125,0.0,0.0078125]","[-123,10,-77,-127,-99,-99,-128,-126]"
131,db3v_common20_r3_167792_14_s00,,,DB3V_common_20shot_heldout,r3:167792_14,audio/Corvus_brachyrhynchos/db3v_common20_r3_167792_14_s00.wav,3,Corvus_brachyrhynchos,3,Corvus_brachyrhynchos,softmax,0x00000000,1,1,253786,2106272,2360059,"[0.1328125,0.12109375,0.0625,0.29296875,0.1875,0.078125,0.0859375,0.0390625]","[-94,-97,-112,-53,-80,-108,-106,-118]"
132,db3v_common20_r3_636581_0_s00,,,DB3V_common_20shot_heldout,r3:636581_0,audio/Setophaga_aestiva/db3v_common20_r3_636581_0_s00.wav,4,Setophaga_aestiva,4,Setophaga_aestiva,softmax,0x00000000,1,1,254769,2106250,2361020,"[0.234375,0.05078125,0.01953125,0.04296875,0.40234375,0.234375,0.0078125,0.0078125]","[-68,-115,-123,-117,-25,-68,-126,-126]"
133,db3v_common20_r3_382119_4_s00,,,DB3V_common_20shot_heldout,r3:382119_4,audio/Setophaga_ruticilla/db3v_common20_r3_382119_4_s00.wav,5,Setophaga_ruticilla,4,Setophaga_aestiva,softmax,0x00000000,0,1,253796,2106271,2360067,"[0.09765625,0.16796875,0.13671875,0.16796875,0.2109375,0.109375,0.0546875,0.05078125]","[-103,-85,-93,-85,-74,-100,-114,-115]"
134,db3v_common20_r3_313678_3_s00,,,DB3V_common_20shot_heldout,r3:313678_3,audio/Spinus_tristis/db3v_common20_r3_313678_3_s00.wav,6,Spinus_tristis,0,Agelaius_phoeniceus,softmax,0x00000000,0,1,254265,2106268,2360533,"[0.76171875,0.10546875,0.00390625,0.0234375,0.0546875,0.01953125,0.01171875,0.01953125]","[67,-101,-127,-122,-114,-123,-125,-123]"
135,db3v_common20_r3_476494_0_s00,,,DB3V_common_20shot_heldout,r3:476494_0,audio/Turdus_migratorius/db3v_common20_r3_476494_0_s00.wav,7,Turdus_migratorius,1,Cardinalis_cardinalis,softmax,0x00000000,0,1,252066,2106251,2358317,"[0.07421875,0.21875,0.1015625,0.046875,0.125,0.1953125,0.05859375,0.17578125]","[-109,-72,-102,-116,-96,-78,-113,-83]"
136,db3v_common20_r3_175040_3_s01,,,DB3V_common_20shot_heldout,r3:175040_3,audio/Agelaius_phoeniceus/db3v_common20_r3_175040_3_s01.wav,0,Agelaius_phoeniceus,6,Spinus_tristis,softmax,0x00000000,0,1,253509,2106267,2359776,"[0.1640625,0.0859375,0.05859375,0.1640625,0.1640625,0.05859375,0.25390625,0.0546875]","[-86,-106,-113,-86,-86,-113,-63,-114]"
137,db3v_common20_r3_542090_1_s01,,,DB3V_common_20shot_heldout,r3:542090_1,audio/Cardinalis_cardinalis/db3v_common20_r3_542090_1_s01.wav,1,Cardinalis_cardinalis,1,Cardinalis_cardinalis,softmax,0x00000000,1,1,252324,2106259,2358583,"[0.0,0.99609375,0.0,0.0,0.0,0.0,0.0,0.0]","[-128,127,-128,-128,-128,-128,-128,-128]"
138,db3v_common20_r3_101961_0_s01,,,DB3V_common_20shot_heldout,r3:101961_0,audio/Certhia_americana/db3v_common20_r3_101961_0_s01.wav,2,Certhia_americana,5,Setophaga_ruticilla,softmax,0x00000000,0,1,251497,2106265,2357762,"[0.04296875,0.00390625,0.28125,0.0,0.25,0.390625,0.0234375,0.00390625]","[-117,-127,-56,-128,-64,-28,-122,-127]"
139,db3v_common20_r3_167792_14_s01,,,DB3V_common_20shot_heldout,r3:167792_14,audio/Corvus_brachyrhynchos/db3v_common20_r3_167792_14_s01.wav,3,Corvus_brachyrhynchos,3,Corvus_brachyrhynchos,softmax,0x00000000,1,1,255231,2106248,2361479,"[0.02734375,0.02734375,0.02734375,0.87109375,0.015625,0.015625,0.01171875,0.0078125]","[-121,-121,-121,95,-124,-124,-125,-126]"
140,db3v_common20_r3_636581_0_s01,,,DB3V_common_20shot_heldout,r3:636581_0,audio/Setophaga_aestiva/db3v_common20_r3_636581_0_s01.wav,4,Setophaga_aestiva,1,Cardinalis_cardinalis,softmax,0x00000000,0,1,252503,2106273,2358777,"[0.03125,0.41796875,0.00390625,0.0,0.37109375,0.171875,0.00390625,0.00390625]","[-120,-21,-127,-128,-33,-84,-127,-127]"
141,db3v_common20_r3_382119_4_s01,,,DB3V_common_20shot_heldout,r3:382119_4,audio/Setophaga_ruticilla/db3v_common20_r3_382119_4_s01.wav,5,Setophaga_ruticilla,4,Setophaga_aestiva,softmax,0x00000000,0,1,253732,2106275,2360008,"[0.14453125,0.12890625,0.00390625,0.01171875,0.48828125,0.1796875,0.0234375,0.01953125]","[-91,-95,-127,-125,-3,-82,-122,-123]"
142,db3v_common20_r3_313678_3_s01,,,DB3V_common_20shot_heldout,r3:313678_3,audio/Spinus_tristis/db3v_common20_r3_313678_3_s01.wav,6,Spinus_tristis,6,Spinus_tristis,softmax,0x00000000,1,1,252664,2106270,2358935,"[0.1875,0.01953125,0.00390625,0.00390625,0.20703125,0.015625,0.50390625,0.0625]","[-80,-123,-127,-127,-75,-124,1,-112]"
143,db3v_common20_r3_476494_0_s01,,,DB3V_common_20shot_heldout,r3:476494_0,audio/Turdus_migratorius/db3v_common20_r3_476494_0_s01.wav,7,Turdus_migratorius,1,Cardinalis_cardinalis,softmax,0x00000000,0,1,244874,2106232,2351107,"[0.00390625,0.95703125,0.0,0.00390625,0.0078125,0.0078125,0.0,0.015625]","[-127,117,-128,-127,-126,-126,-128,-124]"
144,db3v_common20_r3_175040_3_s02,,,DB3V_common_20shot_heldout,r3:175040_3,audio/Agelaius_phoeniceus/db3v_common20_r3_175040_3_s02.wav,0,Agelaius_phoeniceus,0,Agelaius_phoeniceus,softmax,0x00000000,1,1,253331,2106268,2359600,"[0.484375,0.12890625,0.015625,0.1171875,0.14453125,0.046875,0.046875,0.01953125]","[-4,-95,-124,-98,-91,-116,-116,-123]"
145,db3v_common20_r3_542090_1_s02,,,DB3V_common_20shot_heldout,r3:542090_1,audio/Cardinalis_cardinalis/db3v_common20_r3_542090_1_s02.wav,1,Cardinalis_cardinalis,1,Cardinalis_cardinalis,softmax,0x00000000,1,1,250904,2106259,2357164,"[0.0,0.99609375,0.0,0.0,0.0,0.0,0.0,0.0]","[-128,127,-128,-128,-128,-128,-128,-128]"
146,db3v_common20_r3_101961_0_s02,,,DB3V_common_20shot_heldout,r3:101961_0,audio/Certhia_americana/db3v_common20_r3_101961_0_s02.wav,2,Certhia_americana,4,Setophaga_aestiva,softmax,0x00000000,0,1,254463,2106264,2360728,"[0.19140625,0.09765625,0.0625,0.03515625,0.23828125,0.23828125,0.05859375,0.078125]","[-79,-103,-112,-119,-67,-67,-113,-108]"
147,db3v_common20_r3_167792_14_s02,,,DB3V_common_20shot_heldout,r3:167792_14,audio/Corvus_brachyrhynchos/db3v_common20_r3_167792_14_s02.wav,3,Corvus_brachyrhynchos,1,Cardinalis_cardinalis,softmax,0x00000000,0,1,241857,2106258,2348115,"[0.0234375,0.6328125,0.00390625,0.26171875,0.00390625,0.01171875,0.00390625,0.0625]","[-122,34,-127,-61,-127,-125,-127,-112]"
148,db3v_common20_r3_636581_0_s02,,,DB3V_common_20shot_heldout,r3:636581_0,audio/Setophaga_aestiva/db3v_common20_r3_636581_0_s02.wav,4,Setophaga_aestiva,4,Setophaga_aestiva,softmax,0x00000000,1,1,251598,2106266,2357864,"[0.140625,0.02734375,0.01953125,0.0078125,0.421875,0.33984375,0.015625,0.02734375]","[-92,-121,-123,-126,-20,-41,-124,-121]"
149,db3v_common20_r3_382119_4_s02,,,DB3V_common_20shot_heldout,r3:382119_4,audio/Setophaga_ruticilla/db3v_common20_r3_382119_4_s02.wav,5,Setophaga_ruticilla,3,Corvus_brachyrhynchos,softmax,0x00000000,0,1,254061,2106272,2360334,"[0.1015625,0.11328125,0.08203125,0.24609375,0.21875,0.140625,0.06640625,0.03515625]","[-102,-99,-107,-65,-72,-92,-111,-119]"
150,db3v_common20_r3_313678_3_s02,,,DB3V_common_20shot_heldout,r3:313678_3,audio/Spinus_tristis/db3v_common20_r3_313678_3_s02.wav,6,Spinus_tristis,4,Setophaga_aestiva,softmax,0x00000000,0,1,254432,2106265,2360698,"[0.2734375,0.2421875,0.0,0.0078125,0.33984375,0.11328125,0.015625,0.01171875]","[-58,-66,-128,-126,-41,-99,-124,-125]"
151,db3v_common20_r3_476494_0_s02,,,DB3V_common_20shot_heldout,r3:476494_0,audio/Turdus_migratorius/db3v_common20_r3_476494_0_s02.wav,7,Turdus_migratorius,4,Setophaga_aestiva,softmax,0x00000000,0,1,251782,2106277,2358060,"[0.22265625,0.1796875,0.0234375,0.0234375,0.25,0.22265625,0.0234375,0.05859375]","[-71,-82,-122,-122,-64,-71,-122,-113]"
152,db3v_common20_r3_175040_3_s03,,,DB3V_common_20shot_heldout,r3:175040_3,audio/Agelaius_phoeniceus/db3v_common20_r3_175040_3_s03.wav,0,Agelaius_phoeniceus,3,Corvus_brachyrhynchos,softmax,0x00000000,0,1,253878,2106273,2360152,"[0.19921875,0.08984375,0.01953125,0.48046875,0.1015625,0.04296875,0.046875,0.01953125]","[-77,-105,-123,-5,-102,-117,-116,-123]"
153,db3v_common20_r3_542090_1_s03,,,DB3V_common_20shot_heldout,r3:542090_1,audio/Cardinalis_cardinalis/db3v_common20_r3_542090_1_s03.wav,1,Cardinalis_cardinalis,1,Cardinalis_cardinalis,softmax,0x00000000,1,1,249364,2106266,2355631,"[0.0,0.99609375,0.0,0.0,0.0,0.0,0.0,0.0]","[-128,127,-128,-128,-128,-128,-128,-128]"
154,db3v_common20_r3_101961_0_s03,,,DB3V_common_20shot_heldout,r3:101961_0,audio/Certhia_americana/db3v_common20_r3_101961_0_s03.wav,2,Certhia_americana,0,Agelaius_phoeniceus,softmax,0x00000000,0,1,253465,2106274,2359740,"[0.2578125,0.12109375,0.0546875,0.10546875,0.23046875,0.12109375,0.04296875,0.0625]","[-62,-97,-114,-101,-69,-97,-117,-112]"
155,db3v_common20_r3_167792_14_s03,,,DB3V_common_20shot_heldout,r3:167792_14,audio/Corvus_brachyrhynchos/db3v_common20_r3_167792_14_s03.wav,3,Corvus_brachyrhynchos,4,Setophaga_aestiva,softmax,0x00000000,0,1,253837,2106274,2360111,"[0.08203125,0.203125,0.046875,0.1171875,0.28125,0.203125,0.046875,0.01953125]","[-107,-76,-116,-98,-56,-76,-116,-123]"
156,db3v_common20_r3_636581_0_s03,,,DB3V_common_20shot_heldout,r3:636581_0,audio/Setophaga_aestiva/db3v_common20_r3_636581_0_s03.wav,4,Setophaga_aestiva,0,Agelaius_phoeniceus,softmax,0x00000000,0,1,253676,2106268,2359944,"[0.30859375,0.06640625,0.0546875,0.08203125,0.30859375,0.1015625,0.0546875,0.02734375]","[-49,-111,-114,-107,-49,-102,-114,-121]"
157,db3v_common20_r3_382119_4_s03,,,DB3V_common_20shot_heldout,r3:382119_4,audio/Setophaga_ruticilla/db3v_common20_r3_382119_4_s03.wav,5,Setophaga_ruticilla,1,Cardinalis_cardinalis,softmax,0x00000000,0,1,254088,2106268,2360357,"[0.078125,0.30078125,0.05859375,0.0625,0.19140625,0.171875,0.0703125,0.0625]","[-108,-51,-113,-112,-79,-84,-110,-112]"
158,db3v_common20_r3_313678_3_s03,,,DB3V_common_20shot_heldout,r3:313678_3,audio/Spinus_tristis/db3v_common20_r3_313678_3_s03.wav,6,Spinus_tristis,6,Spinus_tristis,softmax,0x00000000,1,1,253568,2106265,2359834,"[0.12890625,0.06640625,0.0078125,0.01171875,0.1796875,0.01171875,0.546875,0.04296875]","[-95,-111,-126,-125,-82,-125,12,-117]"
159,db3v_common20_r3_476494_0_s03,,,DB3V_common_20shot_heldout,r3:476494_0,audio/Turdus_migratorius/db3v_common20_r3_476494_0_s03.wav,7,Turdus_migratorius,5,Setophaga_ruticilla,softmax,0x00000000,0,1,253872,2106268,2360140,"[0.13671875,0.125,0.03125,0.01171875,0.265625,0.37109375,0.01171875,0.046875]","[-93,-96,-120,-125,-60,-33,-125,-116]"
160,db3v_common20_r3_175040_3_s04,,,DB3V_common_20shot_heldout,r3:175040_3,audio/Agelaius_phoeniceus/db3v_common20_r3_175040_3_s04.wav,0,Agelaius_phoeniceus,1,Cardinalis_cardinalis,softmax,0x00000000,0,1,253703,2106271,2359974,"[0.1171875,0.34765625,0.01953125,0.12890625,0.16015625,0.14453125,0.046875,0.03125]","[-98,-39,-123,-95,-87,-91,-116,-120]"
161,db3v_common20_r3_542090_1_s04,,,DB3V_common_20shot_heldout,r3:542090_1,audio/Cardinalis_cardinalis/db3v_common20_r3_542090_1_s04.wav,1,Cardinalis_cardinalis,1,Cardinalis_cardinalis,softmax,0x00000000,1,1,250305,2106265,2356570,"[0.0,0.99609375,0.0,0.0,0.0,0.0,0.0,0.0]","[-128,127,-128,-128,-128,-128,-128,-128]"
162,db3v_common20_r3_101961_0_s04,,,DB3V_common_20shot_heldout,r3:101961_0,audio/Certhia_americana/db3v_common20_r3_101961_0_s04.wav,2,Certhia_americana,4,Setophaga_aestiva,softmax,0x00000000,0,1,254642,2106262,2360905,"[0.08984375,0.171875,0.04296875,0.0703125,0.3359375,0.19140625,0.046875,0.05078125]","[-105,-84,-117,-110,-42,-79,-116,-115]"
163,db3v_common20_r3_167792_14_s04,,,DB3V_common_20shot_heldout,r3:167792_14,audio/Corvus_brachyrhynchos/db3v_common20_r3_167792_14_s04.wav,3,Corvus_brachyrhynchos,4,Setophaga_aestiva,softmax,0x00000000,0,1,254337,2106270,2360608,"[0.109375,0.171875,0.0703125,0.09765625,0.23828125,0.21484375,0.046875,0.046875]","[-100,-84,-110,-103,-67,-73,-116,-116]"
164,db3v_common20_r3_636581_0_s04,,,DB3V_common_20shot_heldout,r3:636581_0,audio/Setophaga_aestiva/db3v_common20_r3_636581_0_s04.wav,4,Setophaga_aestiva,0,Agelaius_phoeniceus,softmax,0x00000000,0,1,254387,2106258,2360645,"[0.328125,0.109375,0.0625,0.02734375,0.234375,0.15234375,0.0546875,0.03125]","[-44,-100,-112,-121,-68,-89,-114,-120]"
165,db3v_common20_r3_382119_4_s04,,,DB3V_common_20shot_heldout,r3:382119_4,audio/Setophaga_ruticilla/db3v_common20_r3_382119_4_s04.wav,5,Setophaga_ruticilla,0,Agelaius_phoeniceus,softmax,0x00000000,0,1,254018,2106266,2360284,"[0.2734375,0.11328125,0.046875,0.1015625,0.21875,0.11328125,0.046875,0.08203125]","[-58,-99,-116,-102,-72,-99,-116,-107]"
166,db3v_common20_r3_313678_3_s04,,,DB3V_common_20shot_heldout,r3:313678_3,audio/Spinus_tristis/db3v_common20_r3_313678_3_s04.wav,6,Spinus_tristis,6,Spinus_tristis,softmax,0x00000000,1,1,252572,2106265,2358837,"[0.03515625,0.0,0.0078125,0.0,0.05859375,0.00390625,0.89453125,0.0]","[-119,-128,-126,-128,-113,-127,101,-128]"
167,db3v_common20_r3_476494_0_s04,,,DB3V_common_20shot_heldout,r3:476494_0,audio/Turdus_migratorius/db3v_common20_r3_476494_0_s04.wav,7,Turdus_migratorius,0,Agelaius_phoeniceus,softmax,0x00000000,0,1,253952,2106271,2360224,"[0.33203125,0.09765625,0.03125,0.078125,0.265625,0.08984375,0.05078125,0.05078125]","[-43,-103,-120,-108,-60,-105,-115,-115]"
168,db3v_common20_r3_175040_3_s05,,,DB3V_common_20shot_heldout,r3:175040_3,audio/Agelaius_phoeniceus/db3v_common20_r3_175040_3_s05.wav,0,Agelaius_phoeniceus,4,Setophaga_aestiva,softmax,0x00000000,0,1,253821,2106268,2360090,"[0.25,0.203125,0.01953125,0.09375,0.28125,0.10546875,0.03125,0.0234375]","[-64,-76,-123,-104,-56,-101,-120,-122]"
169,db3v_common20_r3_542090_1_s05,,,DB3V_common_20shot_heldout,r3:542090_1,audio/Cardinalis_cardinalis/db3v_common20_r3_542090_1_s05.wav,1,Cardinalis_cardinalis,1,Cardinalis_cardinalis,softmax,0x00000000,1,1,248897,2106259,2355156,"[0.0,0.99609375,0.0,0.0,0.0,0.0,0.0,0.0]","[-128,127,-128,-128,-128,-128,-128,-128]"
170,db3v_common20_r3_101961_0_s05,,,DB3V_common_20shot_heldout,r3:101961_0,audio/Certhia_americana/db3v_common20_r3_101961_0_s05.wav,2,Certhia_americana,1,Cardinalis_cardinalis,softmax,0x00000000,0,1,254077,2106267,2360345,"[0.046875,0.47265625,0.03515625,0.015625,0.125,0.1953125,0.00390625,0.1015625]","[-116,-7,-119,-124,-96,-78,-127,-102]"
171,db3v_common20_r3_167792_14_s05,,,DB3V_common_20shot_heldout,r3:167792_14,audio/Corvus_brachyrhynchos/db3v_common20_r3_167792_14_s05.wav,3,Corvus_brachyrhynchos,1,Cardinalis_cardinalis,softmax,0x00000000,0,1,253875,2106273,2360149,"[0.2109375,0.41015625,0.01953125,0.2109375,0.078125,0.02734375,0.015625,0.02734375]","[-74,-23,-123,-74,-108,-121,-124,-121]"
172,db3v_common20_r3_636581_0_s05,,,DB3V_common_20shot_heldout,r3:636581_0,audio/Setophaga_aestiva/db3v_common20_r3_636581_0_s05.wav,4,Setophaga_aestiva,5,Setophaga_ruticilla,softmax,0x00000000,0,1,252685,2106268,2358953,"[0.1171875,0.22265625,0.01953125,0.02734375,0.19921875,0.390625,0.01171875,0.01171875]","[-98,-71,-123,-121,-77,-28,-125,-125]"
173,db3v_common20_r3_382119_4_s05,,,DB3V_common_20shot_heldout,r3:382119_4,audio/Setophaga_ruticilla/db3v_common20_r3_382119_4_s05.wav,5,Setophaga_ruticilla,5,Setophaga_ruticilla,softmax,0x00000000,1,1,253822,2106263,2360086,"[0.03125,0.23046875,0.078125,0.00390625,0.23046875,0.40234375,0.0078125,0.015625]","[-120,-69,-108,-127,-69,-25,-126,-124]"
174,db3v_common20_r3_313678_3_s05,,,DB3V_common_20shot_heldout,r3:313678_3,audio/Spinus_tristis/db3v_common20_r3_313678_3_s05.wav,6,Spinus_tristis,6,Spinus_tristis,softmax,0x00000000,1,1,252912,2106263,2359175,"[0.078125,0.00390625,0.0,0.00390625,0.03515625,0.0,0.8671875,0.01171875]","[-108,-127,-128,-127,-119,-128,94,-125]"
175,db3v_common20_r3_476494_0_s05,,,DB3V_common_20shot_heldout,r3:476494_0,audio/Turdus_migratorius/db3v_common20_r3_476494_0_s05.wav,7,Turdus_migratorius,0,Agelaius_phoeniceus,softmax,0x00000000,0,1,253350,2106268,2359619,"[0.234375,0.13671875,0.05078125,0.09765625,0.1875,0.15234375,0.0703125,0.0703125]","[-68,-93,-115,-103,-80,-89,-110,-110]"
176,db3v_common20_r3_175040_3_s06,,,DB3V_common_20shot_heldout,r3:175040_3,audio/Agelaius_phoeniceus/db3v_common20_r3_175040_3_s06.wav,0,Agelaius_phoeniceus,3,Corvus_brachyrhynchos,softmax,0x00000000,0,1,254185,2106255,2360440,"[0.0234375,0.0234375,0.00390625,0.92578125,0.0,0.00390625,0.00390625,0.015625]","[-122,-122,-127,109,-128,-127,-127,-124]"
177,db3v_common20_r3_542090_1_s06,,,DB3V_common_20shot_heldout,r3:542090_1,audio/Cardinalis_cardinalis/db3v_common20_r3_542090_1_s06.wav,1,Cardinalis_cardinalis,1,Cardinalis_cardinalis,softmax,0x00000000,1,1,252682,2106270,2358952,"[0.09765625,0.37109375,0.03125,0.05078125,0.15234375,0.09765625,0.109375,0.08984375]","[-103,-33,-120,-115,-89,-103,-100,-105]"
178,db3v_common20_r3_101961_0_s06,,,DB3V_common_20shot_heldout,r3:101961_0,audio/Certhia_americana/db3v_common20_r3_101961_0_s06.wav,2,Certhia_americana,3,Corvus_brachyrhynchos,softmax,0x00000000,0,1,254536,2106268,2360805,"[0.15625,0.125,0.02734375,0.3359375,0.15625,0.08203125,0.08984375,0.03125]","[-88,-96,-121,-42,-88,-107,-105,-120]"
179,db3v_common20_r3_167792_14_s06,,,DB3V_common_20shot_heldout,r3:167792_14,audio/Corvus_brachyrhynchos/db3v_common20_r3_167792_14_s06.wav,3,Corvus_brachyrhynchos,1,Cardinalis_cardinalis,softmax,0x00000000,0,1,254029,2106273,2360303,"[0.07421875,0.28125,0.09375,0.0546875,0.19921875,0.19921875,0.03125,0.06640625]","[-109,-56,-104,-114,-77,-77,-120,-111]"
180,db3v_common20_r3_636581_0_s06,,,DB3V_common_20shot_heldout,r3:636581_0,audio/Setophaga_aestiva/db3v_common20_r3_636581_0_s06.wav,4,Setophaga_aestiva,4,Setophaga_aestiva,softmax,0x00000000,1,1,252579,2106269,2358849,"[0.171875,0.08984375,0.05078125,0.171875,0.23828125,0.19140625,0.05078125,0.03515625]","[-84,-105,-115,-84,-67,-79,-115,-119]"
181,db3v_common20_r3_382119_4_s06,,,DB3V_common_20shot_heldout,r3:382119_4,audio/Setophaga_ruticilla/db3v_common20_r3_382119_4_s06.wav,5,Setophaga_ruticilla,4,Setophaga_aestiva,softmax,0x00000000,0,1,253478,2106280,2359758,"[0.2421875,0.17578125,0.02734375,0.046875,0.30078125,0.15625,0.02734375,0.0234375]","[-66,-83,-121,-116,-51,-88,-121,-122]"
182,db3v_common20_r3_313678_3_s06,,,DB3V_common_20shot_heldout,r3:313678_3,audio/Spinus_tristis/db3v_common20_r3_313678_3_s06.wav,6,Spinus_tristis,0,Agelaius_phoeniceus,softmax,0x00000000,0,1,254273,2106267,2360540,"[0.6796875,0.09375,0.0078125,0.02734375,0.10546875,0.0546875,0.015625,0.01953125]","[46,-104,-126,-121,-101,-114,-124,-123]"
183,db3v_common20_r3_476494_0_s06,,,DB3V_common_20shot_heldout,r3:476494_0,audio/Turdus_migratorius/db3v_common20_r3_476494_0_s06.wav,7,Turdus_migratorius,0,Agelaius_phoeniceus,softmax,0x00000000,0,1,253602,2106267,2359870,"[0.3046875,0.125,0.07421875,0.08203125,0.17578125,0.17578125,0.02734375,0.03515625]","[-50,-96,-109,-107,-83,-83,-121,-119]"
184,db3v_common20_r3_175040_3_s07,,,DB3V_common_20shot_heldout,r3:175040_3,audio/Agelaius_phoeniceus/db3v_common20_r3_175040_3_s07.wav,0,Agelaius_phoeniceus,0,Agelaius_phoeniceus,softmax,0x00000000,1,1,247472,2106232,2353705,"[0.9453125,0.0078125,0.0,0.01953125,0.015625,0.00390625,0.00390625,0.0078125]","[114,-126,-128,-123,-124,-127,-127,-126]"
185,db3v_common20_r3_542090_1_s07,,,DB3V_common_20shot_heldout,r3:542090_1,audio/Cardinalis_cardinalis/db3v_common20_r3_542090_1_s07.wav,1,Cardinalis_cardinalis,4,Setophaga_aestiva,softmax,0x00000000,0,1,253634,2106264,2359898,"[0.296875,0.046875,0.0,0.00390625,0.46484375,0.171875,0.01171875,0.0078125]","[-52,-116,-128,-127,-9,-84,-125,-126]"
186,db3v_common20_r3_101961_0_s07,,,DB3V_common_20shot_heldout,r3:101961_0,audio/Certhia_americana/db3v_common20_r3_101961_0_s07.wav,2,Certhia_americana,1,Cardinalis_cardinalis,softmax,0x00000000,0,1,253352,2106271,2359623,"[0.08203125,0.2265625,0.04296875,0.08203125,0.12890625,0.1796875,0.07421875,0.1796875]","[-107,-70,-117,-107,-95,-82,-109,-82]"
187,db3v_common20_r3_167792_14_s07,,,DB3V_common_20shot_heldout,r3:167792_14,audio/Corvus_brachyrhynchos/db3v_common20_r3_167792_14_s07.wav,3,Corvus_brachyrhynchos,4,Setophaga_aestiva,softmax,0x00000000,0,1,253748,2106271,2360019,"[0.125,0.17578125,0.0390625,0.06640625,0.2734375,0.21875,0.07421875,0.03125]","[-96,-83,-118,-111,-58,-72,-109,-120]"
188,db3v_common20_r3_636581_0_s07,,,DB3V_common_20shot_heldout,r3:636581_0,audio/Setophaga_aestiva/db3v_common20_r3_636581_0_s07.wav,4,Setophaga_aestiva,0,Agelaius_phoeniceus,softmax,0x00000000,0,1,252251,2106268,2358520,"[0.30078125,0.08203125,0.0390625,0.2421875,0.15625,0.1015625,0.05859375,0.0234375]","[-51,-107,-118,-66,-88,-102,-113,-122]"
189,db3v_common20_r3_382119_4_s07,,,DB3V_common_20shot_heldout,r3:382119_4,audio/Setophaga_ruticilla/db3v_common20_r3_382119_4_s07.wav,5,Setophaga_ruticilla,1,Cardinalis_cardinalis,softmax,0x00000000,0,1,254267,2106276,2360543,"[0.09375,0.38671875,0.04296875,0.09375,0.16015625,0.14453125,0.0390625,0.046875]","[-104,-29,-117,-104,-87,-91,-118,-116]"
190,db3v_common20_r3_313678_3_s07,,,DB3V_common_20shot_heldout,r3:313678_3,audio/Spinus_tristis/db3v_common20_r3_313678_3_s07.wav,6,Spinus_tristis,0,Agelaius_phoeniceus,softmax,0x00000000,0,1,254175,2106267,2360442,"[0.359375,0.1328125,0.0078125,0.0625,0.2578125,0.0625,0.0859375,0.02734375]","[-36,-94,-126,-112,-62,-112,-106,-121]"
191,db3v_common20_r3_476494_0_s07,,,DB3V_common_20shot_heldout,r3:476494_0,audio/Turdus_migratorius/db3v_common20_r3_476494_0_s07.wav,7,Turdus_migratorius,7,Turdus_migratorius,softmax,0x00000000,1,1,246141,2106248,2352389,"[0.11328125,0.2421875,0.0078125,0.015625,0.0703125,0.046875,0.0390625,0.46875]","[-99,-66,-126,-124,-110,-116,-118,-8]"
